[24-Jul-2026 11:28:38 UTC] PHP Deprecated:  File Theme without footer.php is <strong>deprecated</strong> since version 3.0.0 with no alternative available. Please include a footer.php template in your theme. in C:\Users\meita\Local Sites\figma-tabs-task\app\public\wp-includes\functions.php on line 6170
[24-Jul-2026 11:40:45 UTC] Automatic updates starting...
[24-Jul-2026 11:40:45 UTC]   Automatic plugin updates starting...
[24-Jul-2026 11:40:45 UTC]   Automatic plugin updates complete.
[24-Jul-2026 11:40:45 UTC] Automatic updates complete.
[24-Jul-2026 13:24:00 UTC] PHP Warning:  Undefined variable $content_title in C:\Users\meita\Local Sites\figma-tabs-task\app\public\wp-content\themes\figma-tabs-theme\blocks\tabs-section\render.php on line 131
[24-Jul-2026 13:24:00 UTC] PHP Warning:  Undefined variable $content_text in C:\Users\meita\Local Sites\figma-tabs-task\app\public\wp-content\themes\figma-tabs-theme\blocks\tabs-section\render.php on line 137
[24-Jul-2026 13:24:00 UTC] PHP Warning:  Undefined variable $content_title in C:\Users\meita\Local Sites\figma-tabs-task\app\public\wp-content\themes\figma-tabs-theme\blocks\tabs-section\render.php on line 131
[24-Jul-2026 13:24:00 UTC] PHP Warning:  Undefined variable $content_text in C:\Users\meita\Local Sites\figma-tabs-task\app\public\wp-content\themes\figma-tabs-theme\blocks\tabs-section\render.php on line 137
[24-Jul-2026 13:24:00 UTC] PHP Warning:  Undefined variable $content_title in C:\Users\meita\Local Sites\figma-tabs-task\app\public\wp-content\themes\figma-tabs-theme\blocks\tabs-section\render.php on line 131
[24-Jul-2026 13:24:00 UTC] PHP Warning:  Undefined variable $content_text in C:\Users\meita\Local Sites\figma-tabs-task\app\public\wp-content\themes\figma-tabs-theme\blocks\tabs-section\render.php on line 137
[24-Jul-2026 13:24:00 UTC] PHP Warning:  Undefined variable $content_title in C:\Users\meita\Local Sites\figma-tabs-task\app\public\wp-content\themes\figma-tabs-theme\blocks\tabs-section\render.php on line 131
[24-Jul-2026 13:24:00 UTC] PHP Warning:  Undefined variable $content_text in C:\Users\meita\Local Sites\figma-tabs-task\app\public\wp-content\themes\figma-tabs-theme\blocks\tabs-section\render.php on line 137
[24-Jul-2026 13:24:01 UTC] PHP Warning:  Undefined variable $content_title in C:\Users\meita\Local Sites\figma-tabs-task\app\public\wp-content\themes\figma-tabs-theme\blocks\tabs-section\render.php on line 131
[24-Jul-2026 13:24:01 UTC] PHP Warning:  Undefined variable $content_text in C:\Users\meita\Local Sites\figma-tabs-task\app\public\wp-content\themes\figma-tabs-theme\blocks\tabs-section\render.php on line 137
[24-Jul-2026 13:24:01 UTC] PHP Warning:  Undefined variable $content_title in C:\Users\meita\Local Sites\figma-tabs-task\app\public\wp-content\themes\figma-tabs-theme\blocks\tabs-section\render.php on line 131
[24-Jul-2026 13:24:01 UTC] PHP Warning:  Undefined variable $content_text in C:\Users\meita\Local Sites\figma-tabs-task\app\public\wp-content\themes\figma-tabs-theme\blocks\tabs-section\render.php on line 137
[24-Jul-2026 13:24:01 UTC] PHP Warning:  Undefined variable $content_title in C:\Users\meita\Local Sites\figma-tabs-task\app\public\wp-content\themes\figma-tabs-theme\blocks\tabs-section\render.php on line 131
[24-Jul-2026 13:24:01 UTC] PHP Warning:  Undefined variable $content_text in C:\Users\meita\Local Sites\figma-tabs-task\app\public\wp-content\themes\figma-tabs-theme\blocks\tabs-section\render.php on line 137
[24-Jul-2026 13:24:01 UTC] PHP Warning:  Undefined variable $content_title in C:\Users\meita\Local Sites\figma-tabs-task\app\public\wp-content\themes\figma-tabs-theme\blocks\tabs-section\render.php on line 131
[24-Jul-2026 13:24:01 UTC] PHP Warning:  Undefined variable $content_text in C:\Users\meita\Local Sites\figma-tabs-task\app\public\wp-content\themes\figma-tabs-theme\blocks\tabs-section\render.php on line 137
[24-Jul-2026 13:24:01 UTC] PHP Warning:  Undefined variable $content_title in C:\Users\meita\Local Sites\figma-tabs-task\app\public\wp-content\themes\figma-tabs-theme\blocks\tabs-section\render.php on line 131
[24-Jul-2026 13:24:01 UTC] PHP Warning:  Undefined variable $content_text in C:\Users\meita\Local Sites\figma-tabs-task\app\public\wp-content\themes\figma-tabs-theme\blocks\tabs-section\render.php on line 137
[24-Jul-2026 13:24:01 UTC] PHP Warning:  Undefined variable $content_title in C:\Users\meita\Local Sites\figma-tabs-task\app\public\wp-content\themes\figma-tabs-theme\blocks\tabs-section\render.php on line 131
[24-Jul-2026 13:24:01 UTC] PHP Warning:  Undefined variable $content_text in C:\Users\meita\Local Sites\figma-tabs-task\app\public\wp-content\themes\figma-tabs-theme\blocks\tabs-section\render.php on line 137
[24-Jul-2026 13:24:01 UTC] PHP Warning:  Undefined variable $content_title in C:\Users\meita\Local Sites\figma-tabs-task\app\public\wp-content\themes\figma-tabs-theme\blocks\tabs-section\render.php on line 131
[24-Jul-2026 13:24:01 UTC] PHP Warning:  Undefined variable $content_text in C:\Users\meita\Local Sites\figma-tabs-task\app\public\wp-content\themes\figma-tabs-theme\blocks\tabs-section\render.php on line 137
[24-Jul-2026 13:24:01 UTC] PHP Warning:  Undefined variable $content_title in C:\Users\meita\Local Sites\figma-tabs-task\app\public\wp-content\themes\figma-tabs-theme\blocks\tabs-section\render.php on line 131
[24-Jul-2026 13:24:01 UTC] PHP Warning:  Undefined variable $content_text in C:\Users\meita\Local Sites\figma-tabs-task\app\public\wp-content\themes\figma-tabs-theme\blocks\tabs-section\render.php on line 137
[24-Jul-2026 13:24:46 UTC] PHP Warning:  Undefined variable $content_title in C:\Users\meita\Local Sites\figma-tabs-task\app\public\wp-content\themes\figma-tabs-theme\blocks\tabs-section\render.php on line 131
[24-Jul-2026 13:24:46 UTC] PHP Warning:  Undefined variable $content_text in C:\Users\meita\Local Sites\figma-tabs-task\app\public\wp-content\themes\figma-tabs-theme\blocks\tabs-section\render.php on line 137
[24-Jul-2026 13:24:46 UTC] PHP Warning:  Undefined variable $content_title in C:\Users\meita\Local Sites\figma-tabs-task\app\public\wp-content\themes\figma-tabs-theme\blocks\tabs-section\render.php on line 131
[24-Jul-2026 13:24:46 UTC] PHP Warning:  Undefined variable $content_text in C:\Users\meita\Local Sites\figma-tabs-task\app\public\wp-content\themes\figma-tabs-theme\blocks\tabs-section\render.php on line 137
[24-Jul-2026 13:32:00 UTC] PHP Warning:  Undefined variable $content_title in C:\Users\meita\Local Sites\figma-tabs-task\app\public\wp-content\themes\figma-tabs-theme\blocks\tabs-section\render.php on line 129
[24-Jul-2026 13:32:00 UTC] PHP Warning:  Undefined variable $content_text in C:\Users\meita\Local Sites\figma-tabs-task\app\public\wp-content\themes\figma-tabs-theme\blocks\tabs-section\render.php on line 135
[24-Jul-2026 13:32:00 UTC] PHP Warning:  Undefined variable $content_title in C:\Users\meita\Local Sites\figma-tabs-task\app\public\wp-content\themes\figma-tabs-theme\blocks\tabs-section\render.php on line 129
[24-Jul-2026 13:32:00 UTC] PHP Warning:  Undefined variable $content_text in C:\Users\meita\Local Sites\figma-tabs-task\app\public\wp-content\themes\figma-tabs-theme\blocks\tabs-section\render.php on line 135
[24-Jul-2026 13:32:00 UTC] PHP Warning:  Undefined variable $content_title in C:\Users\meita\Local Sites\figma-tabs-task\app\public\wp-content\themes\figma-tabs-theme\blocks\tabs-section\render.php on line 129
[24-Jul-2026 13:32:00 UTC] PHP Warning:  Undefined variable $content_text in C:\Users\meita\Local Sites\figma-tabs-task\app\public\wp-content\themes\figma-tabs-theme\blocks\tabs-section\render.php on line 135
[24-Jul-2026 13:32:00 UTC] PHP Warning:  Undefined variable $content_title in C:\Users\meita\Local Sites\figma-tabs-task\app\public\wp-content\themes\figma-tabs-theme\blocks\tabs-section\render.php on line 129
[24-Jul-2026 13:32:00 UTC] PHP Warning:  Undefined variable $content_text in C:\Users\meita\Local Sites\figma-tabs-task\app\public\wp-content\themes\figma-tabs-theme\blocks\tabs-section\render.php on line 135
[24-Jul-2026 13:33:02 UTC] PHP Warning:  Undefined variable $content_title in C:\Users\meita\Local Sites\figma-tabs-task\app\public\wp-content\themes\figma-tabs-theme\blocks\tabs-section\render.php on line 129
[24-Jul-2026 13:33:02 UTC] PHP Warning:  Undefined variable $content_text in C:\Users\meita\Local Sites\figma-tabs-task\app\public\wp-content\themes\figma-tabs-theme\blocks\tabs-section\render.php on line 135
[24-Jul-2026 13:33:02 UTC] PHP Warning:  Undefined variable $content_title in C:\Users\meita\Local Sites\figma-tabs-task\app\public\wp-content\themes\figma-tabs-theme\blocks\tabs-section\render.php on line 129
[24-Jul-2026 13:33:02 UTC] PHP Warning:  Undefined variable $content_text in C:\Users\meita\Local Sites\figma-tabs-task\app\public\wp-content\themes\figma-tabs-theme\blocks\tabs-section\render.php on line 135
[24-Jul-2026 13:35:45 UTC] PHP Warning:  Undefined variable $content_title in C:\Users\meita\Local Sites\figma-tabs-task\app\public\wp-content\themes\figma-tabs-theme\blocks\tabs-section\render.php on line 129
[24-Jul-2026 13:35:45 UTC] PHP Warning:  Undefined variable $content_text in C:\Users\meita\Local Sites\figma-tabs-task\app\public\wp-content\themes\figma-tabs-theme\blocks\tabs-section\render.php on line 135
[24-Jul-2026 13:35:45 UTC] PHP Warning:  Undefined variable $content_title in C:\Users\meita\Local Sites\figma-tabs-task\app\public\wp-content\themes\figma-tabs-theme\blocks\tabs-section\render.php on line 129
[24-Jul-2026 13:35:45 UTC] PHP Warning:  Undefined variable $content_text in C:\Users\meita\Local Sites\figma-tabs-task\app\public\wp-content\themes\figma-tabs-theme\blocks\tabs-section\render.php on line 135
[24-Jul-2026 13:35:45 UTC] PHP Warning:  Undefined variable $content_title in C:\Users\meita\Local Sites\figma-tabs-task\app\public\wp-content\themes\figma-tabs-theme\blocks\tabs-section\render.php on line 129
[24-Jul-2026 13:35:45 UTC] PHP Warning:  Undefined variable $content_text in C:\Users\meita\Local Sites\figma-tabs-task\app\public\wp-content\themes\figma-tabs-theme\blocks\tabs-section\render.php on line 135
[24-Jul-2026 13:35:45 UTC] PHP Warning:  Undefined variable $content_title in C:\Users\meita\Local Sites\figma-tabs-task\app\public\wp-content\themes\figma-tabs-theme\blocks\tabs-section\render.php on line 129
[24-Jul-2026 13:35:45 UTC] PHP Warning:  Undefined variable $content_text in C:\Users\meita\Local Sites\figma-tabs-task\app\public\wp-content\themes\figma-tabs-theme\blocks\tabs-section\render.php on line 135
[24-Jul-2026 13:35:55 UTC] PHP Warning:  Undefined variable $content_title in C:\Users\meita\Local Sites\figma-tabs-task\app\public\wp-content\themes\figma-tabs-theme\blocks\tabs-section\render.php on line 129
[24-Jul-2026 13:35:55 UTC] PHP Warning:  Undefined variable $content_text in C:\Users\meita\Local Sites\figma-tabs-task\app\public\wp-content\themes\figma-tabs-theme\blocks\tabs-section\render.php on line 135
[24-Jul-2026 13:35:55 UTC] PHP Warning:  Undefined variable $content_title in C:\Users\meita\Local Sites\figma-tabs-task\app\public\wp-content\themes\figma-tabs-theme\blocks\tabs-section\render.php on line 129
[24-Jul-2026 13:35:55 UTC] PHP Warning:  Undefined variable $content_text in C:\Users\meita\Local Sites\figma-tabs-task\app\public\wp-content\themes\figma-tabs-theme\blocks\tabs-section\render.php on line 135
[24-Jul-2026 15:42:23 UTC] PHP Parse error:  syntax error, unexpected token "<" in C:\Users\meita\Local Sites\figma-tabs-task\app\public\wp-content\themes\figma-tabs-theme\blocks\tabs-section\render.php on line 113
[24-Jul-2026 15:42:26 UTC] PHP Parse error:  syntax error, unexpected token "<" in C:\Users\meita\Local Sites\figma-tabs-task\app\public\wp-content\themes\figma-tabs-theme\blocks\tabs-section\render.php on line 113
[24-Jul-2026 15:43:53 UTC] PHP Parse error:  syntax error, unexpected token "<" in C:\Users\meita\Local Sites\figma-tabs-task\app\public\wp-content\themes\figma-tabs-theme\blocks\tabs-section\render.php on line 113
[24-Jul-2026 21:53:02 UTC] PHP Parse error:  syntax error, unexpected end of file, expecting "elseif" or "else" or "endif" in C:\Users\meita\Local Sites\figma-tabs-task\app\public\wp-content\themes\figma-tabs-theme\blocks\tabs-section\mobile.php on line 138
[24-Jul-2026 22:10:22 UTC] PHP Warning:  foreach() argument must be of type array|object, bool given in C:\Users\meita\Local Sites\figma-tabs-task\app\public\wp-content\themes\figma-tabs-theme\blocks\tabs-section\mobile.php on line 317
[24-Jul-2026 22:10:22 UTC] PHP Warning:  foreach() argument must be of type array|object, bool given in C:\Users\meita\Local Sites\figma-tabs-task\app\public\wp-content\themes\figma-tabs-theme\blocks\tabs-section\mobile.php on line 317
[24-Jul-2026 22:10:22 UTC] PHP Warning:  foreach() argument must be of type array|object, bool given in C:\Users\meita\Local Sites\figma-tabs-task\app\public\wp-content\themes\figma-tabs-theme\blocks\tabs-section\mobile.php on line 317
[24-Jul-2026 22:10:22 UTC] PHP Warning:  foreach() argument must be of type array|object, bool given in C:\Users\meita\Local Sites\figma-tabs-task\app\public\wp-content\themes\figma-tabs-theme\blocks\tabs-section\mobile.php on line 317
[24-Jul-2026 22:10:23 UTC] PHP Warning:  foreach() argument must be of type array|object, bool given in C:\Users\meita\Local Sites\figma-tabs-task\app\public\wp-content\themes\figma-tabs-theme\blocks\tabs-section\mobile.php on line 317
[24-Jul-2026 22:10:23 UTC] PHP Warning:  foreach() argument must be of type array|object, bool given in C:\Users\meita\Local Sites\figma-tabs-task\app\public\wp-content\themes\figma-tabs-theme\blocks\tabs-section\mobile.php on line 317
[24-Jul-2026 22:10:23 UTC] PHP Warning:  foreach() argument must be of type array|object, bool given in C:\Users\meita\Local Sites\figma-tabs-task\app\public\wp-content\themes\figma-tabs-theme\blocks\tabs-section\mobile.php on line 317
[24-Jul-2026 22:10:23 UTC] PHP Warning:  foreach() argument must be of type array|object, bool given in C:\Users\meita\Local Sites\figma-tabs-task\app\public\wp-content\themes\figma-tabs-theme\blocks\tabs-section\mobile.php on line 317
[24-Jul-2026 22:28:28 UTC] PHP Warning:  foreach() argument must be of type array|object, bool given in C:\Users\meita\Local Sites\figma-tabs-task\app\public\wp-content\themes\figma-tabs-theme\blocks\tabs-section\mobile.php on line 317
[24-Jul-2026 22:28:28 UTC] PHP Warning:  foreach() argument must be of type array|object, bool given in C:\Users\meita\Local Sites\figma-tabs-task\app\public\wp-content\themes\figma-tabs-theme\blocks\tabs-section\mobile.php on line 317
[24-Jul-2026 22:28:28 UTC] PHP Warning:  foreach() argument must be of type array|object, bool given in C:\Users\meita\Local Sites\figma-tabs-task\app\public\wp-content\themes\figma-tabs-theme\blocks\tabs-section\mobile.php on line 317
[24-Jul-2026 22:28:28 UTC] PHP Warning:  foreach() argument must be of type array|object, bool given in C:\Users\meita\Local Sites\figma-tabs-task\app\public\wp-content\themes\figma-tabs-theme\blocks\tabs-section\mobile.php on line 317
[24-Jul-2026 22:28:28 UTC] PHP Warning:  foreach() argument must be of type array|object, bool given in C:\Users\meita\Local Sites\figma-tabs-task\app\public\wp-content\themes\figma-tabs-theme\blocks\tabs-section\mobile.php on line 317
[24-Jul-2026 22:28:28 UTC] PHP Warning:  foreach() argument must be of type array|object, bool given in C:\Users\meita\Local Sites\figma-tabs-task\app\public\wp-content\themes\figma-tabs-theme\blocks\tabs-section\mobile.php on line 317
[24-Jul-2026 22:28:28 UTC] PHP Warning:  foreach() argument must be of type array|object, bool given in C:\Users\meita\Local Sites\figma-tabs-task\app\public\wp-content\themes\figma-tabs-theme\blocks\tabs-section\mobile.php on line 317
[24-Jul-2026 22:28:28 UTC] PHP Warning:  foreach() argument must be of type array|object, bool given in C:\Users\meita\Local Sites\figma-tabs-task\app\public\wp-content\themes\figma-tabs-theme\blocks\tabs-section\mobile.php on line 317
[24-Jul-2026 22:30:13 UTC] PHP Warning:  foreach() argument must be of type array|object, bool given in C:\Users\meita\Local Sites\figma-tabs-task\app\public\wp-content\themes\figma-tabs-theme\blocks\tabs-section\mobile.php on line 317
[24-Jul-2026 22:30:13 UTC] PHP Warning:  foreach() argument must be of type array|object, bool given in C:\Users\meita\Local Sites\figma-tabs-task\app\public\wp-content\themes\figma-tabs-theme\blocks\tabs-section\mobile.php on line 317
[24-Jul-2026 22:30:13 UTC] PHP Warning:  foreach() argument must be of type array|object, bool given in C:\Users\meita\Local Sites\figma-tabs-task\app\public\wp-content\themes\figma-tabs-theme\blocks\tabs-section\mobile.php on line 317
[24-Jul-2026 22:30:13 UTC] PHP Warning:  foreach() argument must be of type array|object, bool given in C:\Users\meita\Local Sites\figma-tabs-task\app\public\wp-content\themes\figma-tabs-theme\blocks\tabs-section\mobile.php on line 317
[24-Jul-2026 22:30:13 UTC] PHP Warning:  foreach() argument must be of type array|object, bool given in C:\Users\meita\Local Sites\figma-tabs-task\app\public\wp-content\themes\figma-tabs-theme\blocks\tabs-section\mobile.php on line 317
[24-Jul-2026 22:30:13 UTC] PHP Warning:  foreach() argument must be of type array|object, bool given in C:\Users\meita\Local Sites\figma-tabs-task\app\public\wp-content\themes\figma-tabs-theme\blocks\tabs-section\mobile.php on line 317
[24-Jul-2026 22:30:13 UTC] PHP Warning:  foreach() argument must be of type array|object, bool given in C:\Users\meita\Local Sites\figma-tabs-task\app\public\wp-content\themes\figma-tabs-theme\blocks\tabs-section\mobile.php on line 317
[24-Jul-2026 22:30:13 UTC] PHP Warning:  foreach() argument must be of type array|object, bool given in C:\Users\meita\Local Sites\figma-tabs-task\app\public\wp-content\themes\figma-tabs-theme\blocks\tabs-section\mobile.php on line 317
[24-Jul-2026 22:32:01 UTC] PHP Warning:  foreach() argument must be of type array|object, bool given in C:\Users\meita\Local Sites\figma-tabs-task\app\public\wp-content\themes\figma-tabs-theme\blocks\tabs-section\mobile.php on line 317
[24-Jul-2026 22:32:01 UTC] PHP Warning:  foreach() argument must be of type array|object, bool given in C:\Users\meita\Local Sites\figma-tabs-task\app\public\wp-content\themes\figma-tabs-theme\blocks\tabs-section\mobile.php on line 317
[24-Jul-2026 22:32:01 UTC] PHP Warning:  foreach() argument must be of type array|object, bool given in C:\Users\meita\Local Sites\figma-tabs-task\app\public\wp-content\themes\figma-tabs-theme\blocks\tabs-section\mobile.php on line 317
[24-Jul-2026 22:32:01 UTC] PHP Warning:  foreach() argument must be of type array|object, bool given in C:\Users\meita\Local Sites\figma-tabs-task\app\public\wp-content\themes\figma-tabs-theme\blocks\tabs-section\mobile.php on line 317
[24-Jul-2026 22:32:01 UTC] PHP Warning:  foreach() argument must be of type array|object, bool given in C:\Users\meita\Local Sites\figma-tabs-task\app\public\wp-content\themes\figma-tabs-theme\blocks\tabs-section\mobile.php on line 317
[24-Jul-2026 22:32:01 UTC] PHP Warning:  foreach() argument must be of type array|object, bool given in C:\Users\meita\Local Sites\figma-tabs-task\app\public\wp-content\themes\figma-tabs-theme\blocks\tabs-section\mobile.php on line 317
[24-Jul-2026 22:32:01 UTC] PHP Warning:  foreach() argument must be of type array|object, bool given in C:\Users\meita\Local Sites\figma-tabs-task\app\public\wp-content\themes\figma-tabs-theme\blocks\tabs-section\mobile.php on line 317
[24-Jul-2026 22:32:01 UTC] PHP Warning:  foreach() argument must be of type array|object, bool given in C:\Users\meita\Local Sites\figma-tabs-task\app\public\wp-content\themes\figma-tabs-theme\blocks\tabs-section\mobile.php on line 317
[24-Jul-2026 22:32:43 UTC] PHP Warning:  foreach() argument must be of type array|object, bool given in C:\Users\meita\Local Sites\figma-tabs-task\app\public\wp-content\themes\figma-tabs-theme\blocks\tabs-section\mobile.php on line 317
[24-Jul-2026 22:32:43 UTC] PHP Warning:  foreach() argument must be of type array|object, bool given in C:\Users\meita\Local Sites\figma-tabs-task\app\public\wp-content\themes\figma-tabs-theme\blocks\tabs-section\mobile.php on line 317
[24-Jul-2026 22:32:43 UTC] PHP Warning:  foreach() argument must be of type array|object, bool given in C:\Users\meita\Local Sites\figma-tabs-task\app\public\wp-content\themes\figma-tabs-theme\blocks\tabs-section\mobile.php on line 317
[24-Jul-2026 22:32:43 UTC] PHP Warning:  foreach() argument must be of type array|object, bool given in C:\Users\meita\Local Sites\figma-tabs-task\app\public\wp-content\themes\figma-tabs-theme\blocks\tabs-section\mobile.php on line 317
[24-Jul-2026 22:32:43 UTC] PHP Warning:  foreach() argument must be of type array|object, bool given in C:\Users\meita\Local Sites\figma-tabs-task\app\public\wp-content\themes\figma-tabs-theme\blocks\tabs-section\mobile.php on line 317
[24-Jul-2026 22:32:43 UTC] PHP Warning:  foreach() argument must be of type array|object, bool given in C:\Users\meita\Local Sites\figma-tabs-task\app\public\wp-content\themes\figma-tabs-theme\blocks\tabs-section\mobile.php on line 317
[24-Jul-2026 22:32:43 UTC] PHP Warning:  foreach() argument must be of type array|object, bool given in C:\Users\meita\Local Sites\figma-tabs-task\app\public\wp-content\themes\figma-tabs-theme\blocks\tabs-section\mobile.php on line 317
[24-Jul-2026 22:32:43 UTC] PHP Warning:  foreach() argument must be of type array|object, bool given in C:\Users\meita\Local Sites\figma-tabs-task\app\public\wp-content\themes\figma-tabs-theme\blocks\tabs-section\mobile.php on line 317
[24-Jul-2026 22:34:30 UTC] PHP Warning:  foreach() argument must be of type array|object, bool given in C:\Users\meita\Local Sites\figma-tabs-task\app\public\wp-content\themes\figma-tabs-theme\blocks\tabs-section\mobile.php on line 317
[24-Jul-2026 22:34:30 UTC] PHP Warning:  foreach() argument must be of type array|object, bool given in C:\Users\meita\Local Sites\figma-tabs-task\app\public\wp-content\themes\figma-tabs-theme\blocks\tabs-section\mobile.php on line 317
[24-Jul-2026 22:34:30 UTC] PHP Warning:  foreach() argument must be of type array|object, bool given in C:\Users\meita\Local Sites\figma-tabs-task\app\public\wp-content\themes\figma-tabs-theme\blocks\tabs-section\mobile.php on line 317
[24-Jul-2026 22:34:30 UTC] PHP Warning:  foreach() argument must be of type array|object, bool given in C:\Users\meita\Local Sites\figma-tabs-task\app\public\wp-content\themes\figma-tabs-theme\blocks\tabs-section\mobile.php on line 317
[24-Jul-2026 22:34:31 UTC] PHP Warning:  foreach() argument must be of type array|object, bool given in C:\Users\meita\Local Sites\figma-tabs-task\app\public\wp-content\themes\figma-tabs-theme\blocks\tabs-section\mobile.php on line 317
[24-Jul-2026 22:34:31 UTC] PHP Warning:  foreach() argument must be of type array|object, bool given in C:\Users\meita\Local Sites\figma-tabs-task\app\public\wp-content\themes\figma-tabs-theme\blocks\tabs-section\mobile.php on line 317
[24-Jul-2026 22:34:31 UTC] PHP Warning:  foreach() argument must be of type array|object, bool given in C:\Users\meita\Local Sites\figma-tabs-task\app\public\wp-content\themes\figma-tabs-theme\blocks\tabs-section\mobile.php on line 317
[24-Jul-2026 22:34:31 UTC] PHP Warning:  foreach() argument must be of type array|object, bool given in C:\Users\meita\Local Sites\figma-tabs-task\app\public\wp-content\themes\figma-tabs-theme\blocks\tabs-section\mobile.php on line 317
[24-Jul-2026 22:34:37 UTC] PHP Warning:  foreach() argument must be of type array|object, bool given in C:\Users\meita\Local Sites\figma-tabs-task\app\public\wp-content\themes\figma-tabs-theme\blocks\tabs-section\mobile.php on line 317
[24-Jul-2026 22:34:37 UTC] PHP Warning:  foreach() argument must be of type array|object, bool given in C:\Users\meita\Local Sites\figma-tabs-task\app\public\wp-content\themes\figma-tabs-theme\blocks\tabs-section\mobile.php on line 317
[24-Jul-2026 22:34:37 UTC] PHP Warning:  foreach() argument must be of type array|object, bool given in C:\Users\meita\Local Sites\figma-tabs-task\app\public\wp-content\themes\figma-tabs-theme\blocks\tabs-section\mobile.php on line 317
[24-Jul-2026 22:34:37 UTC] PHP Warning:  foreach() argument must be of type array|object, bool given in C:\Users\meita\Local Sites\figma-tabs-task\app\public\wp-content\themes\figma-tabs-theme\blocks\tabs-section\mobile.php on line 317
[24-Jul-2026 22:34:37 UTC] PHP Warning:  foreach() argument must be of type array|object, bool given in C:\Users\meita\Local Sites\figma-tabs-task\app\public\wp-content\themes\figma-tabs-theme\blocks\tabs-section\mobile.php on line 317
[24-Jul-2026 22:34:37 UTC] PHP Warning:  foreach() argument must be of type array|object, bool given in C:\Users\meita\Local Sites\figma-tabs-task\app\public\wp-content\themes\figma-tabs-theme\blocks\tabs-section\mobile.php on line 317
[24-Jul-2026 22:34:37 UTC] PHP Warning:  foreach() argument must be of type array|object, bool given in C:\Users\meita\Local Sites\figma-tabs-task\app\public\wp-content\themes\figma-tabs-theme\blocks\tabs-section\mobile.php on line 317
[24-Jul-2026 22:34:37 UTC] PHP Warning:  foreach() argument must be of type array|object, bool given in C:\Users\meita\Local Sites\figma-tabs-task\app\public\wp-content\themes\figma-tabs-theme\blocks\tabs-section\mobile.php on line 317
[24-Jul-2026 22:34:47 UTC] PHP Warning:  foreach() argument must be of type array|object, bool given in C:\Users\meita\Local Sites\figma-tabs-task\app\public\wp-content\themes\figma-tabs-theme\blocks\tabs-section\mobile.php on line 317
[24-Jul-2026 22:34:47 UTC] PHP Warning:  foreach() argument must be of type array|object, bool given in C:\Users\meita\Local Sites\figma-tabs-task\app\public\wp-content\themes\figma-tabs-theme\blocks\tabs-section\mobile.php on line 317
[24-Jul-2026 22:34:47 UTC] PHP Warning:  foreach() argument must be of type array|object, bool given in C:\Users\meita\Local Sites\figma-tabs-task\app\public\wp-content\themes\figma-tabs-theme\blocks\tabs-section\mobile.php on line 317
[24-Jul-2026 22:34:47 UTC] PHP Warning:  foreach() argument must be of type array|object, bool given in C:\Users\meita\Local Sites\figma-tabs-task\app\public\wp-content\themes\figma-tabs-theme\blocks\tabs-section\mobile.php on line 317
[24-Jul-2026 22:34:47 UTC] PHP Warning:  foreach() argument must be of type array|object, bool given in C:\Users\meita\Local Sites\figma-tabs-task\app\public\wp-content\themes\figma-tabs-theme\blocks\tabs-section\mobile.php on line 317
[24-Jul-2026 22:34:47 UTC] PHP Warning:  foreach() argument must be of type array|object, bool given in C:\Users\meita\Local Sites\figma-tabs-task\app\public\wp-content\themes\figma-tabs-theme\blocks\tabs-section\mobile.php on line 317
[24-Jul-2026 22:34:47 UTC] PHP Warning:  foreach() argument must be of type array|object, bool given in C:\Users\meita\Local Sites\figma-tabs-task\app\public\wp-content\themes\figma-tabs-theme\blocks\tabs-section\mobile.php on line 317
[24-Jul-2026 22:34:47 UTC] PHP Warning:  foreach() argument must be of type array|object, bool given in C:\Users\meita\Local Sites\figma-tabs-task\app\public\wp-content\themes\figma-tabs-theme\blocks\tabs-section\mobile.php on line 317
[24-Jul-2026 22:36:24 UTC] PHP Warning:  foreach() argument must be of type array|object, bool given in C:\Users\meita\Local Sites\figma-tabs-task\app\public\wp-content\themes\figma-tabs-theme\blocks\tabs-section\mobile.php on line 317
[24-Jul-2026 22:36:24 UTC] PHP Warning:  foreach() argument must be of type array|object, bool given in C:\Users\meita\Local Sites\figma-tabs-task\app\public\wp-content\themes\figma-tabs-theme\blocks\tabs-section\mobile.php on line 317
[24-Jul-2026 22:36:24 UTC] PHP Warning:  foreach() argument must be of type array|object, bool given in C:\Users\meita\Local Sites\figma-tabs-task\app\public\wp-content\themes\figma-tabs-theme\blocks\tabs-section\mobile.php on line 317
[24-Jul-2026 22:36:24 UTC] PHP Warning:  foreach() argument must be of type array|object, bool given in C:\Users\meita\Local Sites\figma-tabs-task\app\public\wp-content\themes\figma-tabs-theme\blocks\tabs-section\mobile.php on line 317
[24-Jul-2026 22:36:24 UTC] PHP Warning:  foreach() argument must be of type array|object, bool given in C:\Users\meita\Local Sites\figma-tabs-task\app\public\wp-content\themes\figma-tabs-theme\blocks\tabs-section\mobile.php on line 317
[24-Jul-2026 22:36:24 UTC] PHP Warning:  foreach() argument must be of type array|object, bool given in C:\Users\meita\Local Sites\figma-tabs-task\app\public\wp-content\themes\figma-tabs-theme\blocks\tabs-section\mobile.php on line 317
[24-Jul-2026 22:36:24 UTC] PHP Warning:  foreach() argument must be of type array|object, bool given in C:\Users\meita\Local Sites\figma-tabs-task\app\public\wp-content\themes\figma-tabs-theme\blocks\tabs-section\mobile.php on line 317
[24-Jul-2026 22:36:24 UTC] PHP Warning:  foreach() argument must be of type array|object, bool given in C:\Users\meita\Local Sites\figma-tabs-task\app\public\wp-content\themes\figma-tabs-theme\blocks\tabs-section\mobile.php on line 317
[24-Jul-2026 22:37:09 UTC] PHP Warning:  foreach() argument must be of type array|object, bool given in C:\Users\meita\Local Sites\figma-tabs-task\app\public\wp-content\themes\figma-tabs-theme\blocks\tabs-section\mobile.php on line 317
[24-Jul-2026 22:37:09 UTC] PHP Warning:  foreach() argument must be of type array|object, bool given in C:\Users\meita\Local Sites\figma-tabs-task\app\public\wp-content\themes\figma-tabs-theme\blocks\tabs-section\mobile.php on line 317
[24-Jul-2026 22:37:09 UTC] PHP Warning:  foreach() argument must be of type array|object, bool given in C:\Users\meita\Local Sites\figma-tabs-task\app\public\wp-content\themes\figma-tabs-theme\blocks\tabs-section\mobile.php on line 317
[24-Jul-2026 22:37:09 UTC] PHP Warning:  foreach() argument must be of type array|object, bool given in C:\Users\meita\Local Sites\figma-tabs-task\app\public\wp-content\themes\figma-tabs-theme\blocks\tabs-section\mobile.php on line 317
[24-Jul-2026 22:37:09 UTC] PHP Warning:  foreach() argument must be of type array|object, bool given in C:\Users\meita\Local Sites\figma-tabs-task\app\public\wp-content\themes\figma-tabs-theme\blocks\tabs-section\mobile.php on line 317
[24-Jul-2026 22:37:09 UTC] PHP Warning:  foreach() argument must be of type array|object, bool given in C:\Users\meita\Local Sites\figma-tabs-task\app\public\wp-content\themes\figma-tabs-theme\blocks\tabs-section\mobile.php on line 317
[24-Jul-2026 22:37:09 UTC] PHP Warning:  foreach() argument must be of type array|object, bool given in C:\Users\meita\Local Sites\figma-tabs-task\app\public\wp-content\themes\figma-tabs-theme\blocks\tabs-section\mobile.php on line 317
[24-Jul-2026 22:37:09 UTC] PHP Warning:  foreach() argument must be of type array|object, bool given in C:\Users\meita\Local Sites\figma-tabs-task\app\public\wp-content\themes\figma-tabs-theme\blocks\tabs-section\mobile.php on line 317
[24-Jul-2026 22:37:35 UTC] PHP Warning:  foreach() argument must be of type array|object, bool given in C:\Users\meita\Local Sites\figma-tabs-task\app\public\wp-content\themes\figma-tabs-theme\blocks\tabs-section\mobile.php on line 317
[24-Jul-2026 22:37:35 UTC] PHP Warning:  foreach() argument must be of type array|object, bool given in C:\Users\meita\Local Sites\figma-tabs-task\app\public\wp-content\themes\figma-tabs-theme\blocks\tabs-section\mobile.php on line 317
[24-Jul-2026 22:37:35 UTC] PHP Warning:  foreach() argument must be of type array|object, bool given in C:\Users\meita\Local Sites\figma-tabs-task\app\public\wp-content\themes\figma-tabs-theme\blocks\tabs-section\mobile.php on line 317
[24-Jul-2026 22:37:35 UTC] PHP Warning:  foreach() argument must be of type array|object, bool given in C:\Users\meita\Local Sites\figma-tabs-task\app\public\wp-content\themes\figma-tabs-theme\blocks\tabs-section\mobile.php on line 317
[24-Jul-2026 22:37:35 UTC] PHP Warning:  foreach() argument must be of type array|object, bool given in C:\Users\meita\Local Sites\figma-tabs-task\app\public\wp-content\themes\figma-tabs-theme\blocks\tabs-section\mobile.php on line 317
[24-Jul-2026 22:37:35 UTC] PHP Warning:  foreach() argument must be of type array|object, bool given in C:\Users\meita\Local Sites\figma-tabs-task\app\public\wp-content\themes\figma-tabs-theme\blocks\tabs-section\mobile.php on line 317
[24-Jul-2026 22:37:35 UTC] PHP Warning:  foreach() argument must be of type array|object, bool given in C:\Users\meita\Local Sites\figma-tabs-task\app\public\wp-content\themes\figma-tabs-theme\blocks\tabs-section\mobile.php on line 317
[24-Jul-2026 22:37:35 UTC] PHP Warning:  foreach() argument must be of type array|object, bool given in C:\Users\meita\Local Sites\figma-tabs-task\app\public\wp-content\themes\figma-tabs-theme\blocks\tabs-section\mobile.php on line 317
[24-Jul-2026 22:37:52 UTC] PHP Warning:  foreach() argument must be of type array|object, bool given in C:\Users\meita\Local Sites\figma-tabs-task\app\public\wp-content\themes\figma-tabs-theme\blocks\tabs-section\mobile.php on line 317
[24-Jul-2026 22:37:52 UTC] PHP Warning:  foreach() argument must be of type array|object, bool given in C:\Users\meita\Local Sites\figma-tabs-task\app\public\wp-content\themes\figma-tabs-theme\blocks\tabs-section\mobile.php on line 317
[24-Jul-2026 22:37:52 UTC] PHP Warning:  foreach() argument must be of type array|object, bool given in C:\Users\meita\Local Sites\figma-tabs-task\app\public\wp-content\themes\figma-tabs-theme\blocks\tabs-section\mobile.php on line 317
[24-Jul-2026 22:37:52 UTC] PHP Warning:  foreach() argument must be of type array|object, bool given in C:\Users\meita\Local Sites\figma-tabs-task\app\public\wp-content\themes\figma-tabs-theme\blocks\tabs-section\mobile.php on line 317
[24-Jul-2026 22:37:52 UTC] PHP Warning:  foreach() argument must be of type array|object, bool given in C:\Users\meita\Local Sites\figma-tabs-task\app\public\wp-content\themes\figma-tabs-theme\blocks\tabs-section\mobile.php on line 317
[24-Jul-2026 22:37:52 UTC] PHP Warning:  foreach() argument must be of type array|object, bool given in C:\Users\meita\Local Sites\figma-tabs-task\app\public\wp-content\themes\figma-tabs-theme\blocks\tabs-section\mobile.php on line 317
[24-Jul-2026 22:37:52 UTC] PHP Warning:  foreach() argument must be of type array|object, bool given in C:\Users\meita\Local Sites\figma-tabs-task\app\public\wp-content\themes\figma-tabs-theme\blocks\tabs-section\mobile.php on line 317
[24-Jul-2026 22:37:52 UTC] PHP Warning:  foreach() argument must be of type array|object, bool given in C:\Users\meita\Local Sites\figma-tabs-task\app\public\wp-content\themes\figma-tabs-theme\blocks\tabs-section\mobile.php on line 317
[24-Jul-2026 22:38:06 UTC] PHP Warning:  foreach() argument must be of type array|object, bool given in C:\Users\meita\Local Sites\figma-tabs-task\app\public\wp-content\themes\figma-tabs-theme\blocks\tabs-section\mobile.php on line 317
[24-Jul-2026 22:38:06 UTC] PHP Warning:  foreach() argument must be of type array|object, bool given in C:\Users\meita\Local Sites\figma-tabs-task\app\public\wp-content\themes\figma-tabs-theme\blocks\tabs-section\mobile.php on line 317
[24-Jul-2026 22:38:06 UTC] PHP Warning:  foreach() argument must be of type array|object, bool given in C:\Users\meita\Local Sites\figma-tabs-task\app\public\wp-content\themes\figma-tabs-theme\blocks\tabs-section\mobile.php on line 317
[24-Jul-2026 22:38:06 UTC] PHP Warning:  foreach() argument must be of type array|object, bool given in C:\Users\meita\Local Sites\figma-tabs-task\app\public\wp-content\themes\figma-tabs-theme\blocks\tabs-section\mobile.php on line 317
[24-Jul-2026 22:38:07 UTC] PHP Warning:  foreach() argument must be of type array|object, bool given in C:\Users\meita\Local Sites\figma-tabs-task\app\public\wp-content\themes\figma-tabs-theme\blocks\tabs-section\mobile.php on line 317
[24-Jul-2026 22:38:07 UTC] PHP Warning:  foreach() argument must be of type array|object, bool given in C:\Users\meita\Local Sites\figma-tabs-task\app\public\wp-content\themes\figma-tabs-theme\blocks\tabs-section\mobile.php on line 317
[24-Jul-2026 22:38:07 UTC] PHP Warning:  foreach() argument must be of type array|object, bool given in C:\Users\meita\Local Sites\figma-tabs-task\app\public\wp-content\themes\figma-tabs-theme\blocks\tabs-section\mobile.php on line 317
[24-Jul-2026 22:38:07 UTC] PHP Warning:  foreach() argument must be of type array|object, bool given in C:\Users\meita\Local Sites\figma-tabs-task\app\public\wp-content\themes\figma-tabs-theme\blocks\tabs-section\mobile.php on line 317
[24-Jul-2026 22:38:25 UTC] PHP Warning:  foreach() argument must be of type array|object, bool given in C:\Users\meita\Local Sites\figma-tabs-task\app\public\wp-content\themes\figma-tabs-theme\blocks\tabs-section\mobile.php on line 317
[24-Jul-2026 22:38:25 UTC] PHP Warning:  foreach() argument must be of type array|object, bool given in C:\Users\meita\Local Sites\figma-tabs-task\app\public\wp-content\themes\figma-tabs-theme\blocks\tabs-section\mobile.php on line 317
[24-Jul-2026 22:38:25 UTC] PHP Warning:  foreach() argument must be of type array|object, bool given in C:\Users\meita\Local Sites\figma-tabs-task\app\public\wp-content\themes\figma-tabs-theme\blocks\tabs-section\mobile.php on line 317
[24-Jul-2026 22:38:25 UTC] PHP Warning:  foreach() argument must be of type array|object, bool given in C:\Users\meita\Local Sites\figma-tabs-task\app\public\wp-content\themes\figma-tabs-theme\blocks\tabs-section\mobile.php on line 317
[24-Jul-2026 22:38:25 UTC] PHP Warning:  foreach() argument must be of type array|object, bool given in C:\Users\meita\Local Sites\figma-tabs-task\app\public\wp-content\themes\figma-tabs-theme\blocks\tabs-section\mobile.php on line 317
[24-Jul-2026 22:38:25 UTC] PHP Warning:  foreach() argument must be of type array|object, bool given in C:\Users\meita\Local Sites\figma-tabs-task\app\public\wp-content\themes\figma-tabs-theme\blocks\tabs-section\mobile.php on line 317
[24-Jul-2026 22:38:25 UTC] PHP Warning:  foreach() argument must be of type array|object, bool given in C:\Users\meita\Local Sites\figma-tabs-task\app\public\wp-content\themes\figma-tabs-theme\blocks\tabs-section\mobile.php on line 317
[24-Jul-2026 22:38:25 UTC] PHP Warning:  foreach() argument must be of type array|object, bool given in C:\Users\meita\Local Sites\figma-tabs-task\app\public\wp-content\themes\figma-tabs-theme\blocks\tabs-section\mobile.php on line 317
[24-Jul-2026 22:38:54 UTC] PHP Warning:  foreach() argument must be of type array|object, bool given in C:\Users\meita\Local Sites\figma-tabs-task\app\public\wp-content\themes\figma-tabs-theme\blocks\tabs-section\mobile.php on line 317
[24-Jul-2026 22:38:54 UTC] PHP Warning:  foreach() argument must be of type array|object, bool given in C:\Users\meita\Local Sites\figma-tabs-task\app\public\wp-content\themes\figma-tabs-theme\blocks\tabs-section\mobile.php on line 317
[24-Jul-2026 22:38:54 UTC] PHP Warning:  foreach() argument must be of type array|object, bool given in C:\Users\meita\Local Sites\figma-tabs-task\app\public\wp-content\themes\figma-tabs-theme\blocks\tabs-section\mobile.php on line 317
[24-Jul-2026 22:38:54 UTC] PHP Warning:  foreach() argument must be of type array|object, bool given in C:\Users\meita\Local Sites\figma-tabs-task\app\public\wp-content\themes\figma-tabs-theme\blocks\tabs-section\mobile.php on line 317
[24-Jul-2026 22:38:54 UTC] PHP Warning:  foreach() argument must be of type array|object, bool given in C:\Users\meita\Local Sites\figma-tabs-task\app\public\wp-content\themes\figma-tabs-theme\blocks\tabs-section\mobile.php on line 317
[24-Jul-2026 22:38:54 UTC] PHP Warning:  foreach() argument must be of type array|object, bool given in C:\Users\meita\Local Sites\figma-tabs-task\app\public\wp-content\themes\figma-tabs-theme\blocks\tabs-section\mobile.php on line 317
[24-Jul-2026 22:38:54 UTC] PHP Warning:  foreach() argument must be of type array|object, bool given in C:\Users\meita\Local Sites\figma-tabs-task\app\public\wp-content\themes\figma-tabs-theme\blocks\tabs-section\mobile.php on line 317
[24-Jul-2026 22:38:54 UTC] PHP Warning:  foreach() argument must be of type array|object, bool given in C:\Users\meita\Local Sites\figma-tabs-task\app\public\wp-content\themes\figma-tabs-theme\blocks\tabs-section\mobile.php on line 317
[24-Jul-2026 22:39:21 UTC] PHP Warning:  foreach() argument must be of type array|object, bool given in C:\Users\meita\Local Sites\figma-tabs-task\app\public\wp-content\themes\figma-tabs-theme\blocks\tabs-section\mobile.php on line 317
[24-Jul-2026 22:39:21 UTC] PHP Warning:  foreach() argument must be of type array|object, bool given in C:\Users\meita\Local Sites\figma-tabs-task\app\public\wp-content\themes\figma-tabs-theme\blocks\tabs-section\mobile.php on line 317
[24-Jul-2026 22:39:21 UTC] PHP Warning:  foreach() argument must be of type array|object, bool given in C:\Users\meita\Local Sites\figma-tabs-task\app\public\wp-content\themes\figma-tabs-theme\blocks\tabs-section\mobile.php on line 317
[24-Jul-2026 22:39:21 UTC] PHP Warning:  foreach() argument must be of type array|object, bool given in C:\Users\meita\Local Sites\figma-tabs-task\app\public\wp-content\themes\figma-tabs-theme\blocks\tabs-section\mobile.php on line 317
[24-Jul-2026 22:39:21 UTC] PHP Warning:  foreach() argument must be of type array|object, bool given in C:\Users\meita\Local Sites\figma-tabs-task\app\public\wp-content\themes\figma-tabs-theme\blocks\tabs-section\mobile.php on line 317
[24-Jul-2026 22:39:21 UTC] PHP Warning:  foreach() argument must be of type array|object, bool given in C:\Users\meita\Local Sites\figma-tabs-task\app\public\wp-content\themes\figma-tabs-theme\blocks\tabs-section\mobile.php on line 317
[24-Jul-2026 22:39:21 UTC] PHP Warning:  foreach() argument must be of type array|object, bool given in C:\Users\meita\Local Sites\figma-tabs-task\app\public\wp-content\themes\figma-tabs-theme\blocks\tabs-section\mobile.php on line 317
[24-Jul-2026 22:39:21 UTC] PHP Warning:  foreach() argument must be of type array|object, bool given in C:\Users\meita\Local Sites\figma-tabs-task\app\public\wp-content\themes\figma-tabs-theme\blocks\tabs-section\mobile.php on line 317
[24-Jul-2026 22:39:33 UTC] PHP Warning:  foreach() argument must be of type array|object, bool given in C:\Users\meita\Local Sites\figma-tabs-task\app\public\wp-content\themes\figma-tabs-theme\blocks\tabs-section\mobile.php on line 317
[24-Jul-2026 22:39:33 UTC] PHP Warning:  foreach() argument must be of type array|object, bool given in C:\Users\meita\Local Sites\figma-tabs-task\app\public\wp-content\themes\figma-tabs-theme\blocks\tabs-section\mobile.php on line 317
[24-Jul-2026 22:39:33 UTC] PHP Warning:  foreach() argument must be of type array|object, bool given in C:\Users\meita\Local Sites\figma-tabs-task\app\public\wp-content\themes\figma-tabs-theme\blocks\tabs-section\mobile.php on line 317
[24-Jul-2026 22:39:33 UTC] PHP Warning:  foreach() argument must be of type array|object, bool given in C:\Users\meita\Local Sites\figma-tabs-task\app\public\wp-content\themes\figma-tabs-theme\blocks\tabs-section\mobile.php on line 317
[24-Jul-2026 22:39:33 UTC] PHP Warning:  foreach() argument must be of type array|object, bool given in C:\Users\meita\Local Sites\figma-tabs-task\app\public\wp-content\themes\figma-tabs-theme\blocks\tabs-section\mobile.php on line 317
[24-Jul-2026 22:39:33 UTC] PHP Warning:  foreach() argument must be of type array|object, bool given in C:\Users\meita\Local Sites\figma-tabs-task\app\public\wp-content\themes\figma-tabs-theme\blocks\tabs-section\mobile.php on line 317
[24-Jul-2026 22:39:33 UTC] PHP Warning:  foreach() argument must be of type array|object, bool given in C:\Users\meita\Local Sites\figma-tabs-task\app\public\wp-content\themes\figma-tabs-theme\blocks\tabs-section\mobile.php on line 317
[24-Jul-2026 22:39:33 UTC] PHP Warning:  foreach() argument must be of type array|object, bool given in C:\Users\meita\Local Sites\figma-tabs-task\app\public\wp-content\themes\figma-tabs-theme\blocks\tabs-section\mobile.php on line 317
[24-Jul-2026 22:41:46 UTC] PHP Warning:  foreach() argument must be of type array|object, bool given in C:\Users\meita\Local Sites\figma-tabs-task\app\public\wp-content\themes\figma-tabs-theme\blocks\tabs-section\mobile.php on line 317
[24-Jul-2026 22:41:46 UTC] PHP Warning:  foreach() argument must be of type array|object, bool given in C:\Users\meita\Local Sites\figma-tabs-task\app\public\wp-content\themes\figma-tabs-theme\blocks\tabs-section\mobile.php on line 317
[24-Jul-2026 22:41:46 UTC] PHP Warning:  foreach() argument must be of type array|object, bool given in C:\Users\meita\Local Sites\figma-tabs-task\app\public\wp-content\themes\figma-tabs-theme\blocks\tabs-section\mobile.php on line 317
[24-Jul-2026 22:41:46 UTC] PHP Warning:  foreach() argument must be of type array|object, bool given in C:\Users\meita\Local Sites\figma-tabs-task\app\public\wp-content\themes\figma-tabs-theme\blocks\tabs-section\mobile.php on line 317
[24-Jul-2026 22:41:47 UTC] PHP Warning:  foreach() argument must be of type array|object, bool given in C:\Users\meita\Local Sites\figma-tabs-task\app\public\wp-content\themes\figma-tabs-theme\blocks\tabs-section\mobile.php on line 317
[24-Jul-2026 22:41:47 UTC] PHP Warning:  foreach() argument must be of type array|object, bool given in C:\Users\meita\Local Sites\figma-tabs-task\app\public\wp-content\themes\figma-tabs-theme\blocks\tabs-section\mobile.php on line 317
[24-Jul-2026 22:41:47 UTC] PHP Warning:  foreach() argument must be of type array|object, bool given in C:\Users\meita\Local Sites\figma-tabs-task\app\public\wp-content\themes\figma-tabs-theme\blocks\tabs-section\mobile.php on line 317
[24-Jul-2026 22:41:47 UTC] PHP Warning:  foreach() argument must be of type array|object, bool given in C:\Users\meita\Local Sites\figma-tabs-task\app\public\wp-content\themes\figma-tabs-theme\blocks\tabs-section\mobile.php on line 317
[24-Jul-2026 22:42:26 UTC] PHP Warning:  foreach() argument must be of type array|object, bool given in C:\Users\meita\Local Sites\figma-tabs-task\app\public\wp-content\themes\figma-tabs-theme\blocks\tabs-section\mobile.php on line 317
[24-Jul-2026 22:42:26 UTC] PHP Warning:  foreach() argument must be of type array|object, bool given in C:\Users\meita\Local Sites\figma-tabs-task\app\public\wp-content\themes\figma-tabs-theme\blocks\tabs-section\mobile.php on line 317
[24-Jul-2026 22:42:26 UTC] PHP Warning:  foreach() argument must be of type array|object, bool given in C:\Users\meita\Local Sites\figma-tabs-task\app\public\wp-content\themes\figma-tabs-theme\blocks\tabs-section\mobile.php on line 317
[24-Jul-2026 22:42:26 UTC] PHP Warning:  foreach() argument must be of type array|object, bool given in C:\Users\meita\Local Sites\figma-tabs-task\app\public\wp-content\themes\figma-tabs-theme\blocks\tabs-section\mobile.php on line 317
[24-Jul-2026 22:42:27 UTC] PHP Warning:  foreach() argument must be of type array|object, bool given in C:\Users\meita\Local Sites\figma-tabs-task\app\public\wp-content\themes\figma-tabs-theme\blocks\tabs-section\mobile.php on line 317
[24-Jul-2026 22:42:27 UTC] PHP Warning:  foreach() argument must be of type array|object, bool given in C:\Users\meita\Local Sites\figma-tabs-task\app\public\wp-content\themes\figma-tabs-theme\blocks\tabs-section\mobile.php on line 317
[24-Jul-2026 22:42:27 UTC] PHP Warning:  foreach() argument must be of type array|object, bool given in C:\Users\meita\Local Sites\figma-tabs-task\app\public\wp-content\themes\figma-tabs-theme\blocks\tabs-section\mobile.php on line 317
[24-Jul-2026 22:42:27 UTC] PHP Warning:  foreach() argument must be of type array|object, bool given in C:\Users\meita\Local Sites\figma-tabs-task\app\public\wp-content\themes\figma-tabs-theme\blocks\tabs-section\mobile.php on line 317
[24-Jul-2026 22:42:37 UTC] PHP Warning:  foreach() argument must be of type array|object, bool given in C:\Users\meita\Local Sites\figma-tabs-task\app\public\wp-content\themes\figma-tabs-theme\blocks\tabs-section\mobile.php on line 317
[24-Jul-2026 22:42:37 UTC] PHP Warning:  foreach() argument must be of type array|object, bool given in C:\Users\meita\Local Sites\figma-tabs-task\app\public\wp-content\themes\figma-tabs-theme\blocks\tabs-section\mobile.php on line 317
[24-Jul-2026 22:42:37 UTC] PHP Warning:  foreach() argument must be of type array|object, bool given in C:\Users\meita\Local Sites\figma-tabs-task\app\public\wp-content\themes\figma-tabs-theme\blocks\tabs-section\mobile.php on line 317
[24-Jul-2026 22:42:37 UTC] PHP Warning:  foreach() argument must be of type array|object, bool given in C:\Users\meita\Local Sites\figma-tabs-task\app\public\wp-content\themes\figma-tabs-theme\blocks\tabs-section\mobile.php on line 317
[24-Jul-2026 22:42:37 UTC] PHP Warning:  foreach() argument must be of type array|object, bool given in C:\Users\meita\Local Sites\figma-tabs-task\app\public\wp-content\themes\figma-tabs-theme\blocks\tabs-section\mobile.php on line 317
[24-Jul-2026 22:42:37 UTC] PHP Warning:  foreach() argument must be of type array|object, bool given in C:\Users\meita\Local Sites\figma-tabs-task\app\public\wp-content\themes\figma-tabs-theme\blocks\tabs-section\mobile.php on line 317
[24-Jul-2026 22:42:37 UTC] PHP Warning:  foreach() argument must be of type array|object, bool given in C:\Users\meita\Local Sites\figma-tabs-task\app\public\wp-content\themes\figma-tabs-theme\blocks\tabs-section\mobile.php on line 317
[24-Jul-2026 22:42:37 UTC] PHP Warning:  foreach() argument must be of type array|object, bool given in C:\Users\meita\Local Sites\figma-tabs-task\app\public\wp-content\themes\figma-tabs-theme\blocks\tabs-section\mobile.php on line 317
[24-Jul-2026 22:42:46 UTC] PHP Warning:  foreach() argument must be of type array|object, bool given in C:\Users\meita\Local Sites\figma-tabs-task\app\public\wp-content\themes\figma-tabs-theme\blocks\tabs-section\mobile.php on line 317
[24-Jul-2026 22:42:46 UTC] PHP Warning:  foreach() argument must be of type array|object, bool given in C:\Users\meita\Local Sites\figma-tabs-task\app\public\wp-content\themes\figma-tabs-theme\blocks\tabs-section\mobile.php on line 317
[24-Jul-2026 22:42:46 UTC] PHP Warning:  foreach() argument must be of type array|object, bool given in C:\Users\meita\Local Sites\figma-tabs-task\app\public\wp-content\themes\figma-tabs-theme\blocks\tabs-section\mobile.php on line 317
[24-Jul-2026 22:42:46 UTC] PHP Warning:  foreach() argument must be of type array|object, bool given in C:\Users\meita\Local Sites\figma-tabs-task\app\public\wp-content\themes\figma-tabs-theme\blocks\tabs-section\mobile.php on line 317
[24-Jul-2026 22:42:46 UTC] PHP Warning:  foreach() argument must be of type array|object, bool given in C:\Users\meita\Local Sites\figma-tabs-task\app\public\wp-content\themes\figma-tabs-theme\blocks\tabs-section\mobile.php on line 317
[24-Jul-2026 22:42:46 UTC] PHP Warning:  foreach() argument must be of type array|object, bool given in C:\Users\meita\Local Sites\figma-tabs-task\app\public\wp-content\themes\figma-tabs-theme\blocks\tabs-section\mobile.php on line 317
[24-Jul-2026 22:42:46 UTC] PHP Warning:  foreach() argument must be of type array|object, bool given in C:\Users\meita\Local Sites\figma-tabs-task\app\public\wp-content\themes\figma-tabs-theme\blocks\tabs-section\mobile.php on line 317
[24-Jul-2026 22:42:46 UTC] PHP Warning:  foreach() argument must be of type array|object, bool given in C:\Users\meita\Local Sites\figma-tabs-task\app\public\wp-content\themes\figma-tabs-theme\blocks\tabs-section\mobile.php on line 317
[24-Jul-2026 22:48:56 UTC] PHP Warning:  foreach() argument must be of type array|object, bool given in C:\Users\meita\Local Sites\figma-tabs-task\app\public\wp-content\themes\figma-tabs-theme\blocks\tabs-section\mobile.php on line 317
[24-Jul-2026 22:48:56 UTC] PHP Warning:  foreach() argument must be of type array|object, bool given in C:\Users\meita\Local Sites\figma-tabs-task\app\public\wp-content\themes\figma-tabs-theme\blocks\tabs-section\mobile.php on line 317
[24-Jul-2026 22:48:56 UTC] PHP Warning:  foreach() argument must be of type array|object, bool given in C:\Users\meita\Local Sites\figma-tabs-task\app\public\wp-content\themes\figma-tabs-theme\blocks\tabs-section\mobile.php on line 317
[24-Jul-2026 22:48:56 UTC] PHP Warning:  foreach() argument must be of type array|object, bool given in C:\Users\meita\Local Sites\figma-tabs-task\app\public\wp-content\themes\figma-tabs-theme\blocks\tabs-section\mobile.php on line 317
[24-Jul-2026 22:48:56 UTC] PHP Warning:  foreach() argument must be of type array|object, bool given in C:\Users\meita\Local Sites\figma-tabs-task\app\public\wp-content\themes\figma-tabs-theme\blocks\tabs-section\mobile.php on line 317
[24-Jul-2026 22:48:56 UTC] PHP Warning:  foreach() argument must be of type array|object, bool given in C:\Users\meita\Local Sites\figma-tabs-task\app\public\wp-content\themes\figma-tabs-theme\blocks\tabs-section\mobile.php on line 317
[24-Jul-2026 22:48:56 UTC] PHP Warning:  foreach() argument must be of type array|object, bool given in C:\Users\meita\Local Sites\figma-tabs-task\app\public\wp-content\themes\figma-tabs-theme\blocks\tabs-section\mobile.php on line 317
[24-Jul-2026 22:48:56 UTC] PHP Warning:  foreach() argument must be of type array|object, bool given in C:\Users\meita\Local Sites\figma-tabs-task\app\public\wp-content\themes\figma-tabs-theme\blocks\tabs-section\mobile.php on line 317
[24-Jul-2026 22:54:51 UTC] PHP Warning:  foreach() argument must be of type array|object, bool given in C:\Users\meita\Local Sites\figma-tabs-task\app\public\wp-content\themes\figma-tabs-theme\blocks\tabs-section\mobile.php on line 325
[24-Jul-2026 22:54:51 UTC] PHP Warning:  foreach() argument must be of type array|object, bool given in C:\Users\meita\Local Sites\figma-tabs-task\app\public\wp-content\themes\figma-tabs-theme\blocks\tabs-section\mobile.php on line 325
[24-Jul-2026 22:54:51 UTC] PHP Warning:  foreach() argument must be of type array|object, bool given in C:\Users\meita\Local Sites\figma-tabs-task\app\public\wp-content\themes\figma-tabs-theme\blocks\tabs-section\mobile.php on line 325
[24-Jul-2026 22:54:51 UTC] PHP Warning:  foreach() argument must be of type array|object, bool given in C:\Users\meita\Local Sites\figma-tabs-task\app\public\wp-content\themes\figma-tabs-theme\blocks\tabs-section\mobile.php on line 325
[24-Jul-2026 22:54:52 UTC] PHP Warning:  foreach() argument must be of type array|object, bool given in C:\Users\meita\Local Sites\figma-tabs-task\app\public\wp-content\themes\figma-tabs-theme\blocks\tabs-section\mobile.php on line 325
[24-Jul-2026 22:54:52 UTC] PHP Warning:  foreach() argument must be of type array|object, bool given in C:\Users\meita\Local Sites\figma-tabs-task\app\public\wp-content\themes\figma-tabs-theme\blocks\tabs-section\mobile.php on line 325
[24-Jul-2026 22:54:52 UTC] PHP Warning:  foreach() argument must be of type array|object, bool given in C:\Users\meita\Local Sites\figma-tabs-task\app\public\wp-content\themes\figma-tabs-theme\blocks\tabs-section\mobile.php on line 325
[24-Jul-2026 22:54:52 UTC] PHP Warning:  foreach() argument must be of type array|object, bool given in C:\Users\meita\Local Sites\figma-tabs-task\app\public\wp-content\themes\figma-tabs-theme\blocks\tabs-section\mobile.php on line 325
[24-Jul-2026 22:56:15 UTC] PHP Warning:  foreach() argument must be of type array|object, bool given in C:\Users\meita\Local Sites\figma-tabs-task\app\public\wp-content\themes\figma-tabs-theme\blocks\tabs-section\mobile.php on line 325
[24-Jul-2026 22:56:15 UTC] PHP Warning:  foreach() argument must be of type array|object, bool given in C:\Users\meita\Local Sites\figma-tabs-task\app\public\wp-content\themes\figma-tabs-theme\blocks\tabs-section\mobile.php on line 325
[24-Jul-2026 22:56:15 UTC] PHP Warning:  foreach() argument must be of type array|object, bool given in C:\Users\meita\Local Sites\figma-tabs-task\app\public\wp-content\themes\figma-tabs-theme\blocks\tabs-section\mobile.php on line 325
[24-Jul-2026 22:56:15 UTC] PHP Warning:  foreach() argument must be of type array|object, bool given in C:\Users\meita\Local Sites\figma-tabs-task\app\public\wp-content\themes\figma-tabs-theme\blocks\tabs-section\mobile.php on line 325
[24-Jul-2026 22:56:16 UTC] PHP Warning:  foreach() argument must be of type array|object, bool given in C:\Users\meita\Local Sites\figma-tabs-task\app\public\wp-content\themes\figma-tabs-theme\blocks\tabs-section\mobile.php on line 325
[24-Jul-2026 22:56:16 UTC] PHP Warning:  foreach() argument must be of type array|object, bool given in C:\Users\meita\Local Sites\figma-tabs-task\app\public\wp-content\themes\figma-tabs-theme\blocks\tabs-section\mobile.php on line 325
[24-Jul-2026 22:56:16 UTC] PHP Warning:  foreach() argument must be of type array|object, bool given in C:\Users\meita\Local Sites\figma-tabs-task\app\public\wp-content\themes\figma-tabs-theme\blocks\tabs-section\mobile.php on line 325
[24-Jul-2026 22:56:16 UTC] PHP Warning:  foreach() argument must be of type array|object, bool given in C:\Users\meita\Local Sites\figma-tabs-task\app\public\wp-content\themes\figma-tabs-theme\blocks\tabs-section\mobile.php on line 325
[24-Jul-2026 22:56:37 UTC] PHP Warning:  foreach() argument must be of type array|object, bool given in C:\Users\meita\Local Sites\figma-tabs-task\app\public\wp-content\themes\figma-tabs-theme\blocks\tabs-section\mobile.php on line 325
[24-Jul-2026 22:56:37 UTC] PHP Warning:  foreach() argument must be of type array|object, bool given in C:\Users\meita\Local Sites\figma-tabs-task\app\public\wp-content\themes\figma-tabs-theme\blocks\tabs-section\mobile.php on line 325
[24-Jul-2026 22:56:37 UTC] PHP Warning:  foreach() argument must be of type array|object, bool given in C:\Users\meita\Local Sites\figma-tabs-task\app\public\wp-content\themes\figma-tabs-theme\blocks\tabs-section\mobile.php on line 325
[24-Jul-2026 22:56:37 UTC] PHP Warning:  foreach() argument must be of type array|object, bool given in C:\Users\meita\Local Sites\figma-tabs-task\app\public\wp-content\themes\figma-tabs-theme\blocks\tabs-section\mobile.php on line 325
[24-Jul-2026 22:56:38 UTC] PHP Warning:  foreach() argument must be of type array|object, bool given in C:\Users\meita\Local Sites\figma-tabs-task\app\public\wp-content\themes\figma-tabs-theme\blocks\tabs-section\mobile.php on line 325
[24-Jul-2026 22:56:38 UTC] PHP Warning:  foreach() argument must be of type array|object, bool given in C:\Users\meita\Local Sites\figma-tabs-task\app\public\wp-content\themes\figma-tabs-theme\blocks\tabs-section\mobile.php on line 325
[24-Jul-2026 22:56:38 UTC] PHP Warning:  foreach() argument must be of type array|object, bool given in C:\Users\meita\Local Sites\figma-tabs-task\app\public\wp-content\themes\figma-tabs-theme\blocks\tabs-section\mobile.php on line 325
[24-Jul-2026 22:56:38 UTC] PHP Warning:  foreach() argument must be of type array|object, bool given in C:\Users\meita\Local Sites\figma-tabs-task\app\public\wp-content\themes\figma-tabs-theme\blocks\tabs-section\mobile.php on line 325
[24-Jul-2026 22:58:08 UTC] PHP Warning:  foreach() argument must be of type array|object, bool given in C:\Users\meita\Local Sites\figma-tabs-task\app\public\wp-content\themes\figma-tabs-theme\blocks\tabs-section\mobile.php on line 311
[24-Jul-2026 22:58:08 UTC] PHP Warning:  foreach() argument must be of type array|object, bool given in C:\Users\meita\Local Sites\figma-tabs-task\app\public\wp-content\themes\figma-tabs-theme\blocks\tabs-section\mobile.php on line 311
[24-Jul-2026 22:58:08 UTC] PHP Warning:  foreach() argument must be of type array|object, bool given in C:\Users\meita\Local Sites\figma-tabs-task\app\public\wp-content\themes\figma-tabs-theme\blocks\tabs-section\mobile.php on line 311
[24-Jul-2026 22:58:08 UTC] PHP Warning:  foreach() argument must be of type array|object, bool given in C:\Users\meita\Local Sites\figma-tabs-task\app\public\wp-content\themes\figma-tabs-theme\blocks\tabs-section\mobile.php on line 311
[24-Jul-2026 22:58:08 UTC] PHP Warning:  foreach() argument must be of type array|object, bool given in C:\Users\meita\Local Sites\figma-tabs-task\app\public\wp-content\themes\figma-tabs-theme\blocks\tabs-section\mobile.php on line 311
[24-Jul-2026 22:58:08 UTC] PHP Warning:  foreach() argument must be of type array|object, bool given in C:\Users\meita\Local Sites\figma-tabs-task\app\public\wp-content\themes\figma-tabs-theme\blocks\tabs-section\mobile.php on line 311
[24-Jul-2026 22:58:08 UTC] PHP Warning:  foreach() argument must be of type array|object, bool given in C:\Users\meita\Local Sites\figma-tabs-task\app\public\wp-content\themes\figma-tabs-theme\blocks\tabs-section\mobile.php on line 311
[24-Jul-2026 22:58:08 UTC] PHP Warning:  foreach() argument must be of type array|object, bool given in C:\Users\meita\Local Sites\figma-tabs-task\app\public\wp-content\themes\figma-tabs-theme\blocks\tabs-section\mobile.php on line 311
[24-Jul-2026 22:58:48 UTC] PHP Warning:  foreach() argument must be of type array|object, bool given in C:\Users\meita\Local Sites\figma-tabs-task\app\public\wp-content\themes\figma-tabs-theme\blocks\tabs-section\mobile.php on line 311
[24-Jul-2026 22:58:48 UTC] PHP Warning:  foreach() argument must be of type array|object, bool given in C:\Users\meita\Local Sites\figma-tabs-task\app\public\wp-content\themes\figma-tabs-theme\blocks\tabs-section\mobile.php on line 311
[24-Jul-2026 22:58:48 UTC] PHP Warning:  foreach() argument must be of type array|object, bool given in C:\Users\meita\Local Sites\figma-tabs-task\app\public\wp-content\themes\figma-tabs-theme\blocks\tabs-section\mobile.php on line 311
[24-Jul-2026 22:58:48 UTC] PHP Warning:  foreach() argument must be of type array|object, bool given in C:\Users\meita\Local Sites\figma-tabs-task\app\public\wp-content\themes\figma-tabs-theme\blocks\tabs-section\mobile.php on line 311
[24-Jul-2026 22:58:48 UTC] PHP Warning:  foreach() argument must be of type array|object, bool given in C:\Users\meita\Local Sites\figma-tabs-task\app\public\wp-content\themes\figma-tabs-theme\blocks\tabs-section\mobile.php on line 311
[24-Jul-2026 22:58:48 UTC] PHP Warning:  foreach() argument must be of type array|object, bool given in C:\Users\meita\Local Sites\figma-tabs-task\app\public\wp-content\themes\figma-tabs-theme\blocks\tabs-section\mobile.php on line 311
[24-Jul-2026 22:58:48 UTC] PHP Warning:  foreach() argument must be of type array|object, bool given in C:\Users\meita\Local Sites\figma-tabs-task\app\public\wp-content\themes\figma-tabs-theme\blocks\tabs-section\mobile.php on line 311
[24-Jul-2026 22:58:48 UTC] PHP Warning:  foreach() argument must be of type array|object, bool given in C:\Users\meita\Local Sites\figma-tabs-task\app\public\wp-content\themes\figma-tabs-theme\blocks\tabs-section\mobile.php on line 311
[24-Jul-2026 22:59:18 UTC] PHP Warning:  foreach() argument must be of type array|object, bool given in C:\Users\meita\Local Sites\figma-tabs-task\app\public\wp-content\themes\figma-tabs-theme\blocks\tabs-section\mobile.php on line 311
[24-Jul-2026 22:59:18 UTC] PHP Warning:  foreach() argument must be of type array|object, bool given in C:\Users\meita\Local Sites\figma-tabs-task\app\public\wp-content\themes\figma-tabs-theme\blocks\tabs-section\mobile.php on line 311
[24-Jul-2026 22:59:18 UTC] PHP Warning:  foreach() argument must be of type array|object, bool given in C:\Users\meita\Local Sites\figma-tabs-task\app\public\wp-content\themes\figma-tabs-theme\blocks\tabs-section\mobile.php on line 311
[24-Jul-2026 22:59:18 UTC] PHP Warning:  foreach() argument must be of type array|object, bool given in C:\Users\meita\Local Sites\figma-tabs-task\app\public\wp-content\themes\figma-tabs-theme\blocks\tabs-section\mobile.php on line 311
[24-Jul-2026 22:59:18 UTC] PHP Warning:  foreach() argument must be of type array|object, bool given in C:\Users\meita\Local Sites\figma-tabs-task\app\public\wp-content\themes\figma-tabs-theme\blocks\tabs-section\mobile.php on line 311
[24-Jul-2026 22:59:18 UTC] PHP Warning:  foreach() argument must be of type array|object, bool given in C:\Users\meita\Local Sites\figma-tabs-task\app\public\wp-content\themes\figma-tabs-theme\blocks\tabs-section\mobile.php on line 311
[24-Jul-2026 22:59:18 UTC] PHP Warning:  foreach() argument must be of type array|object, bool given in C:\Users\meita\Local Sites\figma-tabs-task\app\public\wp-content\themes\figma-tabs-theme\blocks\tabs-section\mobile.php on line 311
[24-Jul-2026 22:59:18 UTC] PHP Warning:  foreach() argument must be of type array|object, bool given in C:\Users\meita\Local Sites\figma-tabs-task\app\public\wp-content\themes\figma-tabs-theme\blocks\tabs-section\mobile.php on line 311
[24-Jul-2026 22:59:42 UTC] PHP Warning:  foreach() argument must be of type array|object, bool given in C:\Users\meita\Local Sites\figma-tabs-task\app\public\wp-content\themes\figma-tabs-theme\blocks\tabs-section\mobile.php on line 311
[24-Jul-2026 22:59:42 UTC] PHP Warning:  foreach() argument must be of type array|object, bool given in C:\Users\meita\Local Sites\figma-tabs-task\app\public\wp-content\themes\figma-tabs-theme\blocks\tabs-section\mobile.php on line 311
[24-Jul-2026 22:59:42 UTC] PHP Warning:  foreach() argument must be of type array|object, bool given in C:\Users\meita\Local Sites\figma-tabs-task\app\public\wp-content\themes\figma-tabs-theme\blocks\tabs-section\mobile.php on line 311
[24-Jul-2026 22:59:42 UTC] PHP Warning:  foreach() argument must be of type array|object, bool given in C:\Users\meita\Local Sites\figma-tabs-task\app\public\wp-content\themes\figma-tabs-theme\blocks\tabs-section\mobile.php on line 311
[24-Jul-2026 22:59:42 UTC] PHP Warning:  foreach() argument must be of type array|object, bool given in C:\Users\meita\Local Sites\figma-tabs-task\app\public\wp-content\themes\figma-tabs-theme\blocks\tabs-section\mobile.php on line 311
[24-Jul-2026 22:59:42 UTC] PHP Warning:  foreach() argument must be of type array|object, bool given in C:\Users\meita\Local Sites\figma-tabs-task\app\public\wp-content\themes\figma-tabs-theme\blocks\tabs-section\mobile.php on line 311
[24-Jul-2026 22:59:42 UTC] PHP Warning:  foreach() argument must be of type array|object, bool given in C:\Users\meita\Local Sites\figma-tabs-task\app\public\wp-content\themes\figma-tabs-theme\blocks\tabs-section\mobile.php on line 311
[24-Jul-2026 22:59:42 UTC] PHP Warning:  foreach() argument must be of type array|object, bool given in C:\Users\meita\Local Sites\figma-tabs-task\app\public\wp-content\themes\figma-tabs-theme\blocks\tabs-section\mobile.php on line 311
[24-Jul-2026 23:04:50 UTC] PHP Warning:  foreach() argument must be of type array|object, bool given in C:\Users\meita\Local Sites\figma-tabs-task\app\public\wp-content\themes\figma-tabs-theme\blocks\tabs-section\mobile.php on line 311
[24-Jul-2026 23:04:50 UTC] PHP Warning:  foreach() argument must be of type array|object, bool given in C:\Users\meita\Local Sites\figma-tabs-task\app\public\wp-content\themes\figma-tabs-theme\blocks\tabs-section\mobile.php on line 311
[24-Jul-2026 23:04:50 UTC] PHP Warning:  foreach() argument must be of type array|object, bool given in C:\Users\meita\Local Sites\figma-tabs-task\app\public\wp-content\themes\figma-tabs-theme\blocks\tabs-section\mobile.php on line 311
[24-Jul-2026 23:04:50 UTC] PHP Warning:  foreach() argument must be of type array|object, bool given in C:\Users\meita\Local Sites\figma-tabs-task\app\public\wp-content\themes\figma-tabs-theme\blocks\tabs-section\mobile.php on line 311
[24-Jul-2026 23:04:51 UTC] PHP Warning:  foreach() argument must be of type array|object, bool given in C:\Users\meita\Local Sites\figma-tabs-task\app\public\wp-content\themes\figma-tabs-theme\blocks\tabs-section\mobile.php on line 311
[24-Jul-2026 23:04:51 UTC] PHP Warning:  foreach() argument must be of type array|object, bool given in C:\Users\meita\Local Sites\figma-tabs-task\app\public\wp-content\themes\figma-tabs-theme\blocks\tabs-section\mobile.php on line 311
[24-Jul-2026 23:04:51 UTC] PHP Warning:  foreach() argument must be of type array|object, bool given in C:\Users\meita\Local Sites\figma-tabs-task\app\public\wp-content\themes\figma-tabs-theme\blocks\tabs-section\mobile.php on line 311
[24-Jul-2026 23:04:51 UTC] PHP Warning:  foreach() argument must be of type array|object, bool given in C:\Users\meita\Local Sites\figma-tabs-task\app\public\wp-content\themes\figma-tabs-theme\blocks\tabs-section\mobile.php on line 311
[24-Jul-2026 23:07:47 UTC] PHP Warning:  foreach() argument must be of type array|object, bool given in C:\Users\meita\Local Sites\figma-tabs-task\app\public\wp-content\themes\figma-tabs-theme\blocks\tabs-section\mobile.php on line 311
[24-Jul-2026 23:07:47 UTC] PHP Warning:  foreach() argument must be of type array|object, bool given in C:\Users\meita\Local Sites\figma-tabs-task\app\public\wp-content\themes\figma-tabs-theme\blocks\tabs-section\mobile.php on line 311
[24-Jul-2026 23:07:47 UTC] PHP Warning:  foreach() argument must be of type array|object, bool given in C:\Users\meita\Local Sites\figma-tabs-task\app\public\wp-content\themes\figma-tabs-theme\blocks\tabs-section\mobile.php on line 311
[24-Jul-2026 23:07:47 UTC] PHP Warning:  foreach() argument must be of type array|object, bool given in C:\Users\meita\Local Sites\figma-tabs-task\app\public\wp-content\themes\figma-tabs-theme\blocks\tabs-section\mobile.php on line 311
[24-Jul-2026 23:07:47 UTC] PHP Warning:  foreach() argument must be of type array|object, bool given in C:\Users\meita\Local Sites\figma-tabs-task\app\public\wp-content\themes\figma-tabs-theme\blocks\tabs-section\mobile.php on line 311
[24-Jul-2026 23:07:47 UTC] PHP Warning:  foreach() argument must be of type array|object, bool given in C:\Users\meita\Local Sites\figma-tabs-task\app\public\wp-content\themes\figma-tabs-theme\blocks\tabs-section\mobile.php on line 311
[24-Jul-2026 23:07:47 UTC] PHP Warning:  foreach() argument must be of type array|object, bool given in C:\Users\meita\Local Sites\figma-tabs-task\app\public\wp-content\themes\figma-tabs-theme\blocks\tabs-section\mobile.php on line 311
[24-Jul-2026 23:07:47 UTC] PHP Warning:  foreach() argument must be of type array|object, bool given in C:\Users\meita\Local Sites\figma-tabs-task\app\public\wp-content\themes\figma-tabs-theme\blocks\tabs-section\mobile.php on line 311
[24-Jul-2026 23:08:13 UTC] PHP Warning:  foreach() argument must be of type array|object, bool given in C:\Users\meita\Local Sites\figma-tabs-task\app\public\wp-content\themes\figma-tabs-theme\blocks\tabs-section\mobile.php on line 311
[24-Jul-2026 23:08:13 UTC] PHP Warning:  foreach() argument must be of type array|object, bool given in C:\Users\meita\Local Sites\figma-tabs-task\app\public\wp-content\themes\figma-tabs-theme\blocks\tabs-section\mobile.php on line 311
[24-Jul-2026 23:08:13 UTC] PHP Warning:  foreach() argument must be of type array|object, bool given in C:\Users\meita\Local Sites\figma-tabs-task\app\public\wp-content\themes\figma-tabs-theme\blocks\tabs-section\mobile.php on line 311
[24-Jul-2026 23:08:13 UTC] PHP Warning:  foreach() argument must be of type array|object, bool given in C:\Users\meita\Local Sites\figma-tabs-task\app\public\wp-content\themes\figma-tabs-theme\blocks\tabs-section\mobile.php on line 311
[24-Jul-2026 23:08:13 UTC] PHP Warning:  foreach() argument must be of type array|object, bool given in C:\Users\meita\Local Sites\figma-tabs-task\app\public\wp-content\themes\figma-tabs-theme\blocks\tabs-section\mobile.php on line 311
[24-Jul-2026 23:08:13 UTC] PHP Warning:  foreach() argument must be of type array|object, bool given in C:\Users\meita\Local Sites\figma-tabs-task\app\public\wp-content\themes\figma-tabs-theme\blocks\tabs-section\mobile.php on line 311
[24-Jul-2026 23:08:13 UTC] PHP Warning:  foreach() argument must be of type array|object, bool given in C:\Users\meita\Local Sites\figma-tabs-task\app\public\wp-content\themes\figma-tabs-theme\blocks\tabs-section\mobile.php on line 311
[24-Jul-2026 23:08:13 UTC] PHP Warning:  foreach() argument must be of type array|object, bool given in C:\Users\meita\Local Sites\figma-tabs-task\app\public\wp-content\themes\figma-tabs-theme\blocks\tabs-section\mobile.php on line 311
[24-Jul-2026 23:09:04 UTC] PHP Warning:  foreach() argument must be of type array|object, bool given in C:\Users\meita\Local Sites\figma-tabs-task\app\public\wp-content\themes\figma-tabs-theme\blocks\tabs-section\mobile.php on line 311
[24-Jul-2026 23:09:04 UTC] PHP Warning:  foreach() argument must be of type array|object, bool given in C:\Users\meita\Local Sites\figma-tabs-task\app\public\wp-content\themes\figma-tabs-theme\blocks\tabs-section\mobile.php on line 311
[24-Jul-2026 23:09:04 UTC] PHP Warning:  foreach() argument must be of type array|object, bool given in C:\Users\meita\Local Sites\figma-tabs-task\app\public\wp-content\themes\figma-tabs-theme\blocks\tabs-section\mobile.php on line 311
[24-Jul-2026 23:09:04 UTC] PHP Warning:  foreach() argument must be of type array|object, bool given in C:\Users\meita\Local Sites\figma-tabs-task\app\public\wp-content\themes\figma-tabs-theme\blocks\tabs-section\mobile.php on line 311
[24-Jul-2026 23:09:05 UTC] PHP Warning:  foreach() argument must be of type array|object, bool given in C:\Users\meita\Local Sites\figma-tabs-task\app\public\wp-content\themes\figma-tabs-theme\blocks\tabs-section\mobile.php on line 311
[24-Jul-2026 23:09:05 UTC] PHP Warning:  foreach() argument must be of type array|object, bool given in C:\Users\meita\Local Sites\figma-tabs-task\app\public\wp-content\themes\figma-tabs-theme\blocks\tabs-section\mobile.php on line 311
[24-Jul-2026 23:09:05 UTC] PHP Warning:  foreach() argument must be of type array|object, bool given in C:\Users\meita\Local Sites\figma-tabs-task\app\public\wp-content\themes\figma-tabs-theme\blocks\tabs-section\mobile.php on line 311
[24-Jul-2026 23:09:05 UTC] PHP Warning:  foreach() argument must be of type array|object, bool given in C:\Users\meita\Local Sites\figma-tabs-task\app\public\wp-content\themes\figma-tabs-theme\blocks\tabs-section\mobile.php on line 311
[24-Jul-2026 23:09:25 UTC] PHP Warning:  foreach() argument must be of type array|object, bool given in C:\Users\meita\Local Sites\figma-tabs-task\app\public\wp-content\themes\figma-tabs-theme\blocks\tabs-section\mobile.php on line 311
[24-Jul-2026 23:09:25 UTC] PHP Warning:  foreach() argument must be of type array|object, bool given in C:\Users\meita\Local Sites\figma-tabs-task\app\public\wp-content\themes\figma-tabs-theme\blocks\tabs-section\mobile.php on line 311
[24-Jul-2026 23:09:25 UTC] PHP Warning:  foreach() argument must be of type array|object, bool given in C:\Users\meita\Local Sites\figma-tabs-task\app\public\wp-content\themes\figma-tabs-theme\blocks\tabs-section\mobile.php on line 311
[24-Jul-2026 23:09:25 UTC] PHP Warning:  foreach() argument must be of type array|object, bool given in C:\Users\meita\Local Sites\figma-tabs-task\app\public\wp-content\themes\figma-tabs-theme\blocks\tabs-section\mobile.php on line 311
[24-Jul-2026 23:09:25 UTC] PHP Warning:  foreach() argument must be of type array|object, bool given in C:\Users\meita\Local Sites\figma-tabs-task\app\public\wp-content\themes\figma-tabs-theme\blocks\tabs-section\mobile.php on line 311
[24-Jul-2026 23:09:25 UTC] PHP Warning:  foreach() argument must be of type array|object, bool given in C:\Users\meita\Local Sites\figma-tabs-task\app\public\wp-content\themes\figma-tabs-theme\blocks\tabs-section\mobile.php on line 311
[24-Jul-2026 23:09:25 UTC] PHP Warning:  foreach() argument must be of type array|object, bool given in C:\Users\meita\Local Sites\figma-tabs-task\app\public\wp-content\themes\figma-tabs-theme\blocks\tabs-section\mobile.php on line 311
[24-Jul-2026 23:09:25 UTC] PHP Warning:  foreach() argument must be of type array|object, bool given in C:\Users\meita\Local Sites\figma-tabs-task\app\public\wp-content\themes\figma-tabs-theme\blocks\tabs-section\mobile.php on line 311
[24-Jul-2026 23:11:14 UTC] PHP Warning:  foreach() argument must be of type array|object, bool given in C:\Users\meita\Local Sites\figma-tabs-task\app\public\wp-content\themes\figma-tabs-theme\blocks\tabs-section\mobile.php on line 311
[24-Jul-2026 23:11:14 UTC] PHP Warning:  foreach() argument must be of type array|object, bool given in C:\Users\meita\Local Sites\figma-tabs-task\app\public\wp-content\themes\figma-tabs-theme\blocks\tabs-section\mobile.php on line 311
[24-Jul-2026 23:11:14 UTC] PHP Warning:  foreach() argument must be of type array|object, bool given in C:\Users\meita\Local Sites\figma-tabs-task\app\public\wp-content\themes\figma-tabs-theme\blocks\tabs-section\mobile.php on line 311
[24-Jul-2026 23:11:14 UTC] PHP Warning:  foreach() argument must be of type array|object, bool given in C:\Users\meita\Local Sites\figma-tabs-task\app\public\wp-content\themes\figma-tabs-theme\blocks\tabs-section\mobile.php on line 311
[24-Jul-2026 23:11:15 UTC] PHP Warning:  foreach() argument must be of type array|object, bool given in C:\Users\meita\Local Sites\figma-tabs-task\app\public\wp-content\themes\figma-tabs-theme\blocks\tabs-section\mobile.php on line 311
[24-Jul-2026 23:11:15 UTC] PHP Warning:  foreach() argument must be of type array|object, bool given in C:\Users\meita\Local Sites\figma-tabs-task\app\public\wp-content\themes\figma-tabs-theme\blocks\tabs-section\mobile.php on line 311
[24-Jul-2026 23:11:15 UTC] PHP Warning:  foreach() argument must be of type array|object, bool given in C:\Users\meita\Local Sites\figma-tabs-task\app\public\wp-content\themes\figma-tabs-theme\blocks\tabs-section\mobile.php on line 311
[24-Jul-2026 23:11:15 UTC] PHP Warning:  foreach() argument must be of type array|object, bool given in C:\Users\meita\Local Sites\figma-tabs-task\app\public\wp-content\themes\figma-tabs-theme\blocks\tabs-section\mobile.php on line 311
[24-Jul-2026 23:11:51 UTC] PHP Warning:  foreach() argument must be of type array|object, bool given in C:\Users\meita\Local Sites\figma-tabs-task\app\public\wp-content\themes\figma-tabs-theme\blocks\tabs-section\mobile.php on line 311
[24-Jul-2026 23:11:51 UTC] PHP Warning:  foreach() argument must be of type array|object, bool given in C:\Users\meita\Local Sites\figma-tabs-task\app\public\wp-content\themes\figma-tabs-theme\blocks\tabs-section\mobile.php on line 311
[24-Jul-2026 23:11:51 UTC] PHP Warning:  foreach() argument must be of type array|object, bool given in C:\Users\meita\Local Sites\figma-tabs-task\app\public\wp-content\themes\figma-tabs-theme\blocks\tabs-section\mobile.php on line 311
[24-Jul-2026 23:11:51 UTC] PHP Warning:  foreach() argument must be of type array|object, bool given in C:\Users\meita\Local Sites\figma-tabs-task\app\public\wp-content\themes\figma-tabs-theme\blocks\tabs-section\mobile.php on line 311
[24-Jul-2026 23:11:52 UTC] PHP Warning:  foreach() argument must be of type array|object, bool given in C:\Users\meita\Local Sites\figma-tabs-task\app\public\wp-content\themes\figma-tabs-theme\blocks\tabs-section\mobile.php on line 311
[24-Jul-2026 23:11:52 UTC] PHP Warning:  foreach() argument must be of type array|object, bool given in C:\Users\meita\Local Sites\figma-tabs-task\app\public\wp-content\themes\figma-tabs-theme\blocks\tabs-section\mobile.php on line 311
[24-Jul-2026 23:11:52 UTC] PHP Warning:  foreach() argument must be of type array|object, bool given in C:\Users\meita\Local Sites\figma-tabs-task\app\public\wp-content\themes\figma-tabs-theme\blocks\tabs-section\mobile.php on line 311
[24-Jul-2026 23:11:52 UTC] PHP Warning:  foreach() argument must be of type array|object, bool given in C:\Users\meita\Local Sites\figma-tabs-task\app\public\wp-content\themes\figma-tabs-theme\blocks\tabs-section\mobile.php on line 311
[24-Jul-2026 23:12:12 UTC] PHP Warning:  foreach() argument must be of type array|object, bool given in C:\Users\meita\Local Sites\figma-tabs-task\app\public\wp-content\themes\figma-tabs-theme\blocks\tabs-section\mobile.php on line 311
[24-Jul-2026 23:12:12 UTC] PHP Warning:  foreach() argument must be of type array|object, bool given in C:\Users\meita\Local Sites\figma-tabs-task\app\public\wp-content\themes\figma-tabs-theme\blocks\tabs-section\mobile.php on line 311
[24-Jul-2026 23:12:12 UTC] PHP Warning:  foreach() argument must be of type array|object, bool given in C:\Users\meita\Local Sites\figma-tabs-task\app\public\wp-content\themes\figma-tabs-theme\blocks\tabs-section\mobile.php on line 311
[24-Jul-2026 23:12:12 UTC] PHP Warning:  foreach() argument must be of type array|object, bool given in C:\Users\meita\Local Sites\figma-tabs-task\app\public\wp-content\themes\figma-tabs-theme\blocks\tabs-section\mobile.php on line 311
[24-Jul-2026 23:12:12 UTC] PHP Warning:  foreach() argument must be of type array|object, bool given in C:\Users\meita\Local Sites\figma-tabs-task\app\public\wp-content\themes\figma-tabs-theme\blocks\tabs-section\mobile.php on line 311
[24-Jul-2026 23:12:12 UTC] PHP Warning:  foreach() argument must be of type array|object, bool given in C:\Users\meita\Local Sites\figma-tabs-task\app\public\wp-content\themes\figma-tabs-theme\blocks\tabs-section\mobile.php on line 311
[24-Jul-2026 23:12:12 UTC] PHP Warning:  foreach() argument must be of type array|object, bool given in C:\Users\meita\Local Sites\figma-tabs-task\app\public\wp-content\themes\figma-tabs-theme\blocks\tabs-section\mobile.php on line 311
[24-Jul-2026 23:12:12 UTC] PHP Warning:  foreach() argument must be of type array|object, bool given in C:\Users\meita\Local Sites\figma-tabs-task\app\public\wp-content\themes\figma-tabs-theme\blocks\tabs-section\mobile.php on line 311
[24-Jul-2026 23:14:35 UTC] PHP Warning:  foreach() argument must be of type array|object, bool given in C:\Users\meita\Local Sites\figma-tabs-task\app\public\wp-content\themes\figma-tabs-theme\blocks\tabs-section\mobile.php on line 311
[24-Jul-2026 23:14:35 UTC] PHP Warning:  foreach() argument must be of type array|object, bool given in C:\Users\meita\Local Sites\figma-tabs-task\app\public\wp-content\themes\figma-tabs-theme\blocks\tabs-section\mobile.php on line 311
[24-Jul-2026 23:14:35 UTC] PHP Warning:  foreach() argument must be of type array|object, bool given in C:\Users\meita\Local Sites\figma-tabs-task\app\public\wp-content\themes\figma-tabs-theme\blocks\tabs-section\mobile.php on line 311
[24-Jul-2026 23:14:35 UTC] PHP Warning:  foreach() argument must be of type array|object, bool given in C:\Users\meita\Local Sites\figma-tabs-task\app\public\wp-content\themes\figma-tabs-theme\blocks\tabs-section\mobile.php on line 311
[24-Jul-2026 23:14:36 UTC] PHP Warning:  foreach() argument must be of type array|object, bool given in C:\Users\meita\Local Sites\figma-tabs-task\app\public\wp-content\themes\figma-tabs-theme\blocks\tabs-section\mobile.php on line 311
[24-Jul-2026 23:14:36 UTC] PHP Warning:  foreach() argument must be of type array|object, bool given in C:\Users\meita\Local Sites\figma-tabs-task\app\public\wp-content\themes\figma-tabs-theme\blocks\tabs-section\mobile.php on line 311
[24-Jul-2026 23:14:36 UTC] PHP Warning:  foreach() argument must be of type array|object, bool given in C:\Users\meita\Local Sites\figma-tabs-task\app\public\wp-content\themes\figma-tabs-theme\blocks\tabs-section\mobile.php on line 311
[24-Jul-2026 23:14:36 UTC] PHP Warning:  foreach() argument must be of type array|object, bool given in C:\Users\meita\Local Sites\figma-tabs-task\app\public\wp-content\themes\figma-tabs-theme\blocks\tabs-section\mobile.php on line 311
[24-Jul-2026 23:15:05 UTC] PHP Warning:  foreach() argument must be of type array|object, bool given in C:\Users\meita\Local Sites\figma-tabs-task\app\public\wp-content\themes\figma-tabs-theme\blocks\tabs-section\mobile.php on line 311
[24-Jul-2026 23:15:05 UTC] PHP Warning:  foreach() argument must be of type array|object, bool given in C:\Users\meita\Local Sites\figma-tabs-task\app\public\wp-content\themes\figma-tabs-theme\blocks\tabs-section\mobile.php on line 311
[24-Jul-2026 23:15:05 UTC] PHP Warning:  foreach() argument must be of type array|object, bool given in C:\Users\meita\Local Sites\figma-tabs-task\app\public\wp-content\themes\figma-tabs-theme\blocks\tabs-section\mobile.php on line 311
[24-Jul-2026 23:15:05 UTC] PHP Warning:  foreach() argument must be of type array|object, bool given in C:\Users\meita\Local Sites\figma-tabs-task\app\public\wp-content\themes\figma-tabs-theme\blocks\tabs-section\mobile.php on line 311
[24-Jul-2026 23:15:06 UTC] PHP Warning:  foreach() argument must be of type array|object, bool given in C:\Users\meita\Local Sites\figma-tabs-task\app\public\wp-content\themes\figma-tabs-theme\blocks\tabs-section\mobile.php on line 311
[24-Jul-2026 23:15:06 UTC] PHP Warning:  foreach() argument must be of type array|object, bool given in C:\Users\meita\Local Sites\figma-tabs-task\app\public\wp-content\themes\figma-tabs-theme\blocks\tabs-section\mobile.php on line 311
[24-Jul-2026 23:15:06 UTC] PHP Warning:  foreach() argument must be of type array|object, bool given in C:\Users\meita\Local Sites\figma-tabs-task\app\public\wp-content\themes\figma-tabs-theme\blocks\tabs-section\mobile.php on line 311
[24-Jul-2026 23:15:06 UTC] PHP Warning:  foreach() argument must be of type array|object, bool given in C:\Users\meita\Local Sites\figma-tabs-task\app\public\wp-content\themes\figma-tabs-theme\blocks\tabs-section\mobile.php on line 311
[24-Jul-2026 23:15:29 UTC] PHP Warning:  foreach() argument must be of type array|object, bool given in C:\Users\meita\Local Sites\figma-tabs-task\app\public\wp-content\themes\figma-tabs-theme\blocks\tabs-section\mobile.php on line 311
[24-Jul-2026 23:15:29 UTC] PHP Warning:  foreach() argument must be of type array|object, bool given in C:\Users\meita\Local Sites\figma-tabs-task\app\public\wp-content\themes\figma-tabs-theme\blocks\tabs-section\mobile.php on line 311
[24-Jul-2026 23:15:29 UTC] PHP Warning:  foreach() argument must be of type array|object, bool given in C:\Users\meita\Local Sites\figma-tabs-task\app\public\wp-content\themes\figma-tabs-theme\blocks\tabs-section\mobile.php on line 311
[24-Jul-2026 23:15:29 UTC] PHP Warning:  foreach() argument must be of type array|object, bool given in C:\Users\meita\Local Sites\figma-tabs-task\app\public\wp-content\themes\figma-tabs-theme\blocks\tabs-section\mobile.php on line 311
[24-Jul-2026 23:15:30 UTC] PHP Warning:  foreach() argument must be of type array|object, bool given in C:\Users\meita\Local Sites\figma-tabs-task\app\public\wp-content\themes\figma-tabs-theme\blocks\tabs-section\mobile.php on line 311
[24-Jul-2026 23:15:30 UTC] PHP Warning:  foreach() argument must be of type array|object, bool given in C:\Users\meita\Local Sites\figma-tabs-task\app\public\wp-content\themes\figma-tabs-theme\blocks\tabs-section\mobile.php on line 311
[24-Jul-2026 23:15:30 UTC] PHP Warning:  foreach() argument must be of type array|object, bool given in C:\Users\meita\Local Sites\figma-tabs-task\app\public\wp-content\themes\figma-tabs-theme\blocks\tabs-section\mobile.php on line 311
[24-Jul-2026 23:15:30 UTC] PHP Warning:  foreach() argument must be of type array|object, bool given in C:\Users\meita\Local Sites\figma-tabs-task\app\public\wp-content\themes\figma-tabs-theme\blocks\tabs-section\mobile.php on line 311
[24-Jul-2026 23:16:16 UTC] PHP Warning:  foreach() argument must be of type array|object, bool given in C:\Users\meita\Local Sites\figma-tabs-task\app\public\wp-content\themes\figma-tabs-theme\blocks\tabs-section\mobile.php on line 311
[24-Jul-2026 23:16:16 UTC] PHP Warning:  foreach() argument must be of type array|object, bool given in C:\Users\meita\Local Sites\figma-tabs-task\app\public\wp-content\themes\figma-tabs-theme\blocks\tabs-section\mobile.php on line 311
[24-Jul-2026 23:16:16 UTC] PHP Warning:  foreach() argument must be of type array|object, bool given in C:\Users\meita\Local Sites\figma-tabs-task\app\public\wp-content\themes\figma-tabs-theme\blocks\tabs-section\mobile.php on line 311
[24-Jul-2026 23:16:16 UTC] PHP Warning:  foreach() argument must be of type array|object, bool given in C:\Users\meita\Local Sites\figma-tabs-task\app\public\wp-content\themes\figma-tabs-theme\blocks\tabs-section\mobile.php on line 311
[24-Jul-2026 23:16:16 UTC] PHP Warning:  foreach() argument must be of type array|object, bool given in C:\Users\meita\Local Sites\figma-tabs-task\app\public\wp-content\themes\figma-tabs-theme\blocks\tabs-section\mobile.php on line 311
[24-Jul-2026 23:16:16 UTC] PHP Warning:  foreach() argument must be of type array|object, bool given in C:\Users\meita\Local Sites\figma-tabs-task\app\public\wp-content\themes\figma-tabs-theme\blocks\tabs-section\mobile.php on line 311
[24-Jul-2026 23:16:16 UTC] PHP Warning:  foreach() argument must be of type array|object, bool given in C:\Users\meita\Local Sites\figma-tabs-task\app\public\wp-content\themes\figma-tabs-theme\blocks\tabs-section\mobile.php on line 311
[24-Jul-2026 23:16:16 UTC] PHP Warning:  foreach() argument must be of type array|object, bool given in C:\Users\meita\Local Sites\figma-tabs-task\app\public\wp-content\themes\figma-tabs-theme\blocks\tabs-section\mobile.php on line 311
[24-Jul-2026 23:16:25 UTC] PHP Warning:  foreach() argument must be of type array|object, bool given in C:\Users\meita\Local Sites\figma-tabs-task\app\public\wp-content\themes\figma-tabs-theme\blocks\tabs-section\mobile.php on line 311
[24-Jul-2026 23:16:25 UTC] PHP Warning:  foreach() argument must be of type array|object, bool given in C:\Users\meita\Local Sites\figma-tabs-task\app\public\wp-content\themes\figma-tabs-theme\blocks\tabs-section\mobile.php on line 311
[24-Jul-2026 23:16:25 UTC] PHP Warning:  foreach() argument must be of type array|object, bool given in C:\Users\meita\Local Sites\figma-tabs-task\app\public\wp-content\themes\figma-tabs-theme\blocks\tabs-section\mobile.php on line 311
[24-Jul-2026 23:16:25 UTC] PHP Warning:  foreach() argument must be of type array|object, bool given in C:\Users\meita\Local Sites\figma-tabs-task\app\public\wp-content\themes\figma-tabs-theme\blocks\tabs-section\mobile.php on line 311
[24-Jul-2026 23:16:25 UTC] PHP Warning:  foreach() argument must be of type array|object, bool given in C:\Users\meita\Local Sites\figma-tabs-task\app\public\wp-content\themes\figma-tabs-theme\blocks\tabs-section\mobile.php on line 311
[24-Jul-2026 23:16:25 UTC] PHP Warning:  foreach() argument must be of type array|object, bool given in C:\Users\meita\Local Sites\figma-tabs-task\app\public\wp-content\themes\figma-tabs-theme\blocks\tabs-section\mobile.php on line 311
[24-Jul-2026 23:16:25 UTC] PHP Warning:  foreach() argument must be of type array|object, bool given in C:\Users\meita\Local Sites\figma-tabs-task\app\public\wp-content\themes\figma-tabs-theme\blocks\tabs-section\mobile.php on line 311
[24-Jul-2026 23:16:25 UTC] PHP Warning:  foreach() argument must be of type array|object, bool given in C:\Users\meita\Local Sites\figma-tabs-task\app\public\wp-content\themes\figma-tabs-theme\blocks\tabs-section\mobile.php on line 311
[24-Jul-2026 23:16:50 UTC] PHP Warning:  foreach() argument must be of type array|object, bool given in C:\Users\meita\Local Sites\figma-tabs-task\app\public\wp-content\themes\figma-tabs-theme\blocks\tabs-section\mobile.php on line 311
[24-Jul-2026 23:16:50 UTC] PHP Warning:  foreach() argument must be of type array|object, bool given in C:\Users\meita\Local Sites\figma-tabs-task\app\public\wp-content\themes\figma-tabs-theme\blocks\tabs-section\mobile.php on line 311
[24-Jul-2026 23:16:50 UTC] PHP Warning:  foreach() argument must be of type array|object, bool given in C:\Users\meita\Local Sites\figma-tabs-task\app\public\wp-content\themes\figma-tabs-theme\blocks\tabs-section\mobile.php on line 311
[24-Jul-2026 23:16:50 UTC] PHP Warning:  foreach() argument must be of type array|object, bool given in C:\Users\meita\Local Sites\figma-tabs-task\app\public\wp-content\themes\figma-tabs-theme\blocks\tabs-section\mobile.php on line 311
[24-Jul-2026 23:16:50 UTC] PHP Warning:  foreach() argument must be of type array|object, bool given in C:\Users\meita\Local Sites\figma-tabs-task\app\public\wp-content\themes\figma-tabs-theme\blocks\tabs-section\mobile.php on line 311
[24-Jul-2026 23:16:50 UTC] PHP Warning:  foreach() argument must be of type array|object, bool given in C:\Users\meita\Local Sites\figma-tabs-task\app\public\wp-content\themes\figma-tabs-theme\blocks\tabs-section\mobile.php on line 311
[24-Jul-2026 23:16:50 UTC] PHP Warning:  foreach() argument must be of type array|object, bool given in C:\Users\meita\Local Sites\figma-tabs-task\app\public\wp-content\themes\figma-tabs-theme\blocks\tabs-section\mobile.php on line 311
[24-Jul-2026 23:16:50 UTC] PHP Warning:  foreach() argument must be of type array|object, bool given in C:\Users\meita\Local Sites\figma-tabs-task\app\public\wp-content\themes\figma-tabs-theme\blocks\tabs-section\mobile.php on line 311
[24-Jul-2026 23:16:57 UTC] PHP Warning:  foreach() argument must be of type array|object, bool given in C:\Users\meita\Local Sites\figma-tabs-task\app\public\wp-content\themes\figma-tabs-theme\blocks\tabs-section\mobile.php on line 311
[24-Jul-2026 23:16:57 UTC] PHP Warning:  foreach() argument must be of type array|object, bool given in C:\Users\meita\Local Sites\figma-tabs-task\app\public\wp-content\themes\figma-tabs-theme\blocks\tabs-section\mobile.php on line 311
[24-Jul-2026 23:16:57 UTC] PHP Warning:  foreach() argument must be of type array|object, bool given in C:\Users\meita\Local Sites\figma-tabs-task\app\public\wp-content\themes\figma-tabs-theme\blocks\tabs-section\mobile.php on line 311
[24-Jul-2026 23:16:57 UTC] PHP Warning:  foreach() argument must be of type array|object, bool given in C:\Users\meita\Local Sites\figma-tabs-task\app\public\wp-content\themes\figma-tabs-theme\blocks\tabs-section\mobile.php on line 311
[24-Jul-2026 23:16:58 UTC] PHP Warning:  foreach() argument must be of type array|object, bool given in C:\Users\meita\Local Sites\figma-tabs-task\app\public\wp-content\themes\figma-tabs-theme\blocks\tabs-section\mobile.php on line 311
[24-Jul-2026 23:16:58 UTC] PHP Warning:  foreach() argument must be of type array|object, bool given in C:\Users\meita\Local Sites\figma-tabs-task\app\public\wp-content\themes\figma-tabs-theme\blocks\tabs-section\mobile.php on line 311
[24-Jul-2026 23:16:58 UTC] PHP Warning:  foreach() argument must be of type array|object, bool given in C:\Users\meita\Local Sites\figma-tabs-task\app\public\wp-content\themes\figma-tabs-theme\blocks\tabs-section\mobile.php on line 311
[24-Jul-2026 23:16:58 UTC] PHP Warning:  foreach() argument must be of type array|object, bool given in C:\Users\meita\Local Sites\figma-tabs-task\app\public\wp-content\themes\figma-tabs-theme\blocks\tabs-section\mobile.php on line 311
[24-Jul-2026 23:17:08 UTC] PHP Warning:  foreach() argument must be of type array|object, bool given in C:\Users\meita\Local Sites\figma-tabs-task\app\public\wp-content\themes\figma-tabs-theme\blocks\tabs-section\mobile.php on line 311
[24-Jul-2026 23:17:08 UTC] PHP Warning:  foreach() argument must be of type array|object, bool given in C:\Users\meita\Local Sites\figma-tabs-task\app\public\wp-content\themes\figma-tabs-theme\blocks\tabs-section\mobile.php on line 311
[24-Jul-2026 23:17:08 UTC] PHP Warning:  foreach() argument must be of type array|object, bool given in C:\Users\meita\Local Sites\figma-tabs-task\app\public\wp-content\themes\figma-tabs-theme\blocks\tabs-section\mobile.php on line 311
[24-Jul-2026 23:17:08 UTC] PHP Warning:  foreach() argument must be of type array|object, bool given in C:\Users\meita\Local Sites\figma-tabs-task\app\public\wp-content\themes\figma-tabs-theme\blocks\tabs-section\mobile.php on line 311
[24-Jul-2026 23:17:08 UTC] PHP Warning:  foreach() argument must be of type array|object, bool given in C:\Users\meita\Local Sites\figma-tabs-task\app\public\wp-content\themes\figma-tabs-theme\blocks\tabs-section\mobile.php on line 311
[24-Jul-2026 23:17:08 UTC] PHP Warning:  foreach() argument must be of type array|object, bool given in C:\Users\meita\Local Sites\figma-tabs-task\app\public\wp-content\themes\figma-tabs-theme\blocks\tabs-section\mobile.php on line 311
[24-Jul-2026 23:17:08 UTC] PHP Warning:  foreach() argument must be of type array|object, bool given in C:\Users\meita\Local Sites\figma-tabs-task\app\public\wp-content\themes\figma-tabs-theme\blocks\tabs-section\mobile.php on line 311
[24-Jul-2026 23:17:08 UTC] PHP Warning:  foreach() argument must be of type array|object, bool given in C:\Users\meita\Local Sites\figma-tabs-task\app\public\wp-content\themes\figma-tabs-theme\blocks\tabs-section\mobile.php on line 311
[24-Jul-2026 23:17:40 UTC] PHP Warning:  foreach() argument must be of type array|object, bool given in C:\Users\meita\Local Sites\figma-tabs-task\app\public\wp-content\themes\figma-tabs-theme\blocks\tabs-section\mobile.php on line 311
[24-Jul-2026 23:17:40 UTC] PHP Warning:  foreach() argument must be of type array|object, bool given in C:\Users\meita\Local Sites\figma-tabs-task\app\public\wp-content\themes\figma-tabs-theme\blocks\tabs-section\mobile.php on line 311
[24-Jul-2026 23:17:40 UTC] PHP Warning:  foreach() argument must be of type array|object, bool given in C:\Users\meita\Local Sites\figma-tabs-task\app\public\wp-content\themes\figma-tabs-theme\blocks\tabs-section\mobile.php on line 311
[24-Jul-2026 23:17:40 UTC] PHP Warning:  foreach() argument must be of type array|object, bool given in C:\Users\meita\Local Sites\figma-tabs-task\app\public\wp-content\themes\figma-tabs-theme\blocks\tabs-section\mobile.php on line 311
[24-Jul-2026 23:17:40 UTC] PHP Warning:  foreach() argument must be of type array|object, bool given in C:\Users\meita\Local Sites\figma-tabs-task\app\public\wp-content\themes\figma-tabs-theme\blocks\tabs-section\mobile.php on line 311
[24-Jul-2026 23:17:40 UTC] PHP Warning:  foreach() argument must be of type array|object, bool given in C:\Users\meita\Local Sites\figma-tabs-task\app\public\wp-content\themes\figma-tabs-theme\blocks\tabs-section\mobile.php on line 311
[24-Jul-2026 23:17:40 UTC] PHP Warning:  foreach() argument must be of type array|object, bool given in C:\Users\meita\Local Sites\figma-tabs-task\app\public\wp-content\themes\figma-tabs-theme\blocks\tabs-section\mobile.php on line 311
[24-Jul-2026 23:17:40 UTC] PHP Warning:  foreach() argument must be of type array|object, bool given in C:\Users\meita\Local Sites\figma-tabs-task\app\public\wp-content\themes\figma-tabs-theme\blocks\tabs-section\mobile.php on line 311
[24-Jul-2026 23:17:52 UTC] PHP Warning:  foreach() argument must be of type array|object, bool given in C:\Users\meita\Local Sites\figma-tabs-task\app\public\wp-content\themes\figma-tabs-theme\blocks\tabs-section\mobile.php on line 311
[24-Jul-2026 23:17:52 UTC] PHP Warning:  foreach() argument must be of type array|object, bool given in C:\Users\meita\Local Sites\figma-tabs-task\app\public\wp-content\themes\figma-tabs-theme\blocks\tabs-section\mobile.php on line 311
[24-Jul-2026 23:17:52 UTC] PHP Warning:  foreach() argument must be of type array|object, bool given in C:\Users\meita\Local Sites\figma-tabs-task\app\public\wp-content\themes\figma-tabs-theme\blocks\tabs-section\mobile.php on line 311
[24-Jul-2026 23:17:52 UTC] PHP Warning:  foreach() argument must be of type array|object, bool given in C:\Users\meita\Local Sites\figma-tabs-task\app\public\wp-content\themes\figma-tabs-theme\blocks\tabs-section\mobile.php on line 311
[24-Jul-2026 23:17:52 UTC] PHP Warning:  foreach() argument must be of type array|object, bool given in C:\Users\meita\Local Sites\figma-tabs-task\app\public\wp-content\themes\figma-tabs-theme\blocks\tabs-section\mobile.php on line 311
[24-Jul-2026 23:17:52 UTC] PHP Warning:  foreach() argument must be of type array|object, bool given in C:\Users\meita\Local Sites\figma-tabs-task\app\public\wp-content\themes\figma-tabs-theme\blocks\tabs-section\mobile.php on line 311
[24-Jul-2026 23:17:52 UTC] PHP Warning:  foreach() argument must be of type array|object, bool given in C:\Users\meita\Local Sites\figma-tabs-task\app\public\wp-content\themes\figma-tabs-theme\blocks\tabs-section\mobile.php on line 311
[24-Jul-2026 23:17:52 UTC] PHP Warning:  foreach() argument must be of type array|object, bool given in C:\Users\meita\Local Sites\figma-tabs-task\app\public\wp-content\themes\figma-tabs-theme\blocks\tabs-section\mobile.php on line 311
[24-Jul-2026 23:18:17 UTC] PHP Warning:  foreach() argument must be of type array|object, bool given in C:\Users\meita\Local Sites\figma-tabs-task\app\public\wp-content\themes\figma-tabs-theme\blocks\tabs-section\mobile.php on line 311
[24-Jul-2026 23:18:17 UTC] PHP Warning:  foreach() argument must be of type array|object, bool given in C:\Users\meita\Local Sites\figma-tabs-task\app\public\wp-content\themes\figma-tabs-theme\blocks\tabs-section\mobile.php on line 311
[24-Jul-2026 23:18:17 UTC] PHP Warning:  foreach() argument must be of type array|object, bool given in C:\Users\meita\Local Sites\figma-tabs-task\app\public\wp-content\themes\figma-tabs-theme\blocks\tabs-section\mobile.php on line 311
[24-Jul-2026 23:18:17 UTC] PHP Warning:  foreach() argument must be of type array|object, bool given in C:\Users\meita\Local Sites\figma-tabs-task\app\public\wp-content\themes\figma-tabs-theme\blocks\tabs-section\mobile.php on line 311
[24-Jul-2026 23:18:17 UTC] PHP Warning:  foreach() argument must be of type array|object, bool given in C:\Users\meita\Local Sites\figma-tabs-task\app\public\wp-content\themes\figma-tabs-theme\blocks\tabs-section\mobile.php on line 311
[24-Jul-2026 23:18:17 UTC] PHP Warning:  foreach() argument must be of type array|object, bool given in C:\Users\meita\Local Sites\figma-tabs-task\app\public\wp-content\themes\figma-tabs-theme\blocks\tabs-section\mobile.php on line 311
[24-Jul-2026 23:18:17 UTC] PHP Warning:  foreach() argument must be of type array|object, bool given in C:\Users\meita\Local Sites\figma-tabs-task\app\public\wp-content\themes\figma-tabs-theme\blocks\tabs-section\mobile.php on line 311
[24-Jul-2026 23:18:17 UTC] PHP Warning:  foreach() argument must be of type array|object, bool given in C:\Users\meita\Local Sites\figma-tabs-task\app\public\wp-content\themes\figma-tabs-theme\blocks\tabs-section\mobile.php on line 311
[24-Jul-2026 23:18:25 UTC] PHP Warning:  foreach() argument must be of type array|object, bool given in C:\Users\meita\Local Sites\figma-tabs-task\app\public\wp-content\themes\figma-tabs-theme\blocks\tabs-section\mobile.php on line 311
[24-Jul-2026 23:18:25 UTC] PHP Warning:  foreach() argument must be of type array|object, bool given in C:\Users\meita\Local Sites\figma-tabs-task\app\public\wp-content\themes\figma-tabs-theme\blocks\tabs-section\mobile.php on line 311
[24-Jul-2026 23:18:25 UTC] PHP Warning:  foreach() argument must be of type array|object, bool given in C:\Users\meita\Local Sites\figma-tabs-task\app\public\wp-content\themes\figma-tabs-theme\blocks\tabs-section\mobile.php on line 311
[24-Jul-2026 23:18:25 UTC] PHP Warning:  foreach() argument must be of type array|object, bool given in C:\Users\meita\Local Sites\figma-tabs-task\app\public\wp-content\themes\figma-tabs-theme\blocks\tabs-section\mobile.php on line 311
[24-Jul-2026 23:18:25 UTC] PHP Warning:  foreach() argument must be of type array|object, bool given in C:\Users\meita\Local Sites\figma-tabs-task\app\public\wp-content\themes\figma-tabs-theme\blocks\tabs-section\mobile.php on line 311
[24-Jul-2026 23:18:25 UTC] PHP Warning:  foreach() argument must be of type array|object, bool given in C:\Users\meita\Local Sites\figma-tabs-task\app\public\wp-content\themes\figma-tabs-theme\blocks\tabs-section\mobile.php on line 311
[24-Jul-2026 23:18:25 UTC] PHP Warning:  foreach() argument must be of type array|object, bool given in C:\Users\meita\Local Sites\figma-tabs-task\app\public\wp-content\themes\figma-tabs-theme\blocks\tabs-section\mobile.php on line 311
[24-Jul-2026 23:18:25 UTC] PHP Warning:  foreach() argument must be of type array|object, bool given in C:\Users\meita\Local Sites\figma-tabs-task\app\public\wp-content\themes\figma-tabs-theme\blocks\tabs-section\mobile.php on line 311
[24-Jul-2026 23:18:36 UTC] PHP Warning:  foreach() argument must be of type array|object, bool given in C:\Users\meita\Local Sites\figma-tabs-task\app\public\wp-content\themes\figma-tabs-theme\blocks\tabs-section\mobile.php on line 311
[24-Jul-2026 23:18:36 UTC] PHP Warning:  foreach() argument must be of type array|object, bool given in C:\Users\meita\Local Sites\figma-tabs-task\app\public\wp-content\themes\figma-tabs-theme\blocks\tabs-section\mobile.php on line 311
[24-Jul-2026 23:18:36 UTC] PHP Warning:  foreach() argument must be of type array|object, bool given in C:\Users\meita\Local Sites\figma-tabs-task\app\public\wp-content\themes\figma-tabs-theme\blocks\tabs-section\mobile.php on line 311
[24-Jul-2026 23:18:36 UTC] PHP Warning:  foreach() argument must be of type array|object, bool given in C:\Users\meita\Local Sites\figma-tabs-task\app\public\wp-content\themes\figma-tabs-theme\blocks\tabs-section\mobile.php on line 311
[24-Jul-2026 23:18:37 UTC] PHP Warning:  foreach() argument must be of type array|object, bool given in C:\Users\meita\Local Sites\figma-tabs-task\app\public\wp-content\themes\figma-tabs-theme\blocks\tabs-section\mobile.php on line 311
[24-Jul-2026 23:18:37 UTC] PHP Warning:  foreach() argument must be of type array|object, bool given in C:\Users\meita\Local Sites\figma-tabs-task\app\public\wp-content\themes\figma-tabs-theme\blocks\tabs-section\mobile.php on line 311
[24-Jul-2026 23:18:37 UTC] PHP Warning:  foreach() argument must be of type array|object, bool given in C:\Users\meita\Local Sites\figma-tabs-task\app\public\wp-content\themes\figma-tabs-theme\blocks\tabs-section\mobile.php on line 311
[24-Jul-2026 23:18:37 UTC] PHP Warning:  foreach() argument must be of type array|object, bool given in C:\Users\meita\Local Sites\figma-tabs-task\app\public\wp-content\themes\figma-tabs-theme\blocks\tabs-section\mobile.php on line 311
[24-Jul-2026 23:19:01 UTC] PHP Warning:  foreach() argument must be of type array|object, bool given in C:\Users\meita\Local Sites\figma-tabs-task\app\public\wp-content\themes\figma-tabs-theme\blocks\tabs-section\mobile.php on line 311
[24-Jul-2026 23:19:01 UTC] PHP Warning:  foreach() argument must be of type array|object, bool given in C:\Users\meita\Local Sites\figma-tabs-task\app\public\wp-content\themes\figma-tabs-theme\blocks\tabs-section\mobile.php on line 311
[24-Jul-2026 23:19:01 UTC] PHP Warning:  foreach() argument must be of type array|object, bool given in C:\Users\meita\Local Sites\figma-tabs-task\app\public\wp-content\themes\figma-tabs-theme\blocks\tabs-section\mobile.php on line 311
[24-Jul-2026 23:19:01 UTC] PHP Warning:  foreach() argument must be of type array|object, bool given in C:\Users\meita\Local Sites\figma-tabs-task\app\public\wp-content\themes\figma-tabs-theme\blocks\tabs-section\mobile.php on line 311
[24-Jul-2026 23:19:02 UTC] PHP Warning:  foreach() argument must be of type array|object, bool given in C:\Users\meita\Local Sites\figma-tabs-task\app\public\wp-content\themes\figma-tabs-theme\blocks\tabs-section\mobile.php on line 311
[24-Jul-2026 23:19:02 UTC] PHP Warning:  foreach() argument must be of type array|object, bool given in C:\Users\meita\Local Sites\figma-tabs-task\app\public\wp-content\themes\figma-tabs-theme\blocks\tabs-section\mobile.php on line 311
[24-Jul-2026 23:19:02 UTC] PHP Warning:  foreach() argument must be of type array|object, bool given in C:\Users\meita\Local Sites\figma-tabs-task\app\public\wp-content\themes\figma-tabs-theme\blocks\tabs-section\mobile.php on line 311
[24-Jul-2026 23:19:02 UTC] PHP Warning:  foreach() argument must be of type array|object, bool given in C:\Users\meita\Local Sites\figma-tabs-task\app\public\wp-content\themes\figma-tabs-theme\blocks\tabs-section\mobile.php on line 311
[24-Jul-2026 23:22:11 UTC] PHP Warning:  foreach() argument must be of type array|object, bool given in C:\Users\meita\Local Sites\figma-tabs-task\app\public\wp-content\themes\figma-tabs-theme\blocks\tabs-section\mobile.php on line 311
[24-Jul-2026 23:22:11 UTC] PHP Warning:  foreach() argument must be of type array|object, bool given in C:\Users\meita\Local Sites\figma-tabs-task\app\public\wp-content\themes\figma-tabs-theme\blocks\tabs-section\mobile.php on line 311
[24-Jul-2026 23:22:11 UTC] PHP Warning:  foreach() argument must be of type array|object, bool given in C:\Users\meita\Local Sites\figma-tabs-task\app\public\wp-content\themes\figma-tabs-theme\blocks\tabs-section\mobile.php on line 311
[24-Jul-2026 23:22:11 UTC] PHP Warning:  foreach() argument must be of type array|object, bool given in C:\Users\meita\Local Sites\figma-tabs-task\app\public\wp-content\themes\figma-tabs-theme\blocks\tabs-section\mobile.php on line 311
[24-Jul-2026 23:22:12 UTC] PHP Warning:  foreach() argument must be of type array|object, bool given in C:\Users\meita\Local Sites\figma-tabs-task\app\public\wp-content\themes\figma-tabs-theme\blocks\tabs-section\mobile.php on line 311
[24-Jul-2026 23:22:12 UTC] PHP Warning:  foreach() argument must be of type array|object, bool given in C:\Users\meita\Local Sites\figma-tabs-task\app\public\wp-content\themes\figma-tabs-theme\blocks\tabs-section\mobile.php on line 311
[24-Jul-2026 23:22:12 UTC] PHP Warning:  foreach() argument must be of type array|object, bool given in C:\Users\meita\Local Sites\figma-tabs-task\app\public\wp-content\themes\figma-tabs-theme\blocks\tabs-section\mobile.php on line 311
[24-Jul-2026 23:22:12 UTC] PHP Warning:  foreach() argument must be of type array|object, bool given in C:\Users\meita\Local Sites\figma-tabs-task\app\public\wp-content\themes\figma-tabs-theme\blocks\tabs-section\mobile.php on line 311
[24-Jul-2026 23:23:32 UTC] PHP Warning:  foreach() argument must be of type array|object, bool given in C:\Users\meita\Local Sites\figma-tabs-task\app\public\wp-content\themes\figma-tabs-theme\blocks\tabs-section\mobile.php on line 314
[24-Jul-2026 23:23:32 UTC] PHP Warning:  foreach() argument must be of type array|object, bool given in C:\Users\meita\Local Sites\figma-tabs-task\app\public\wp-content\themes\figma-tabs-theme\blocks\tabs-section\mobile.php on line 314
[24-Jul-2026 23:23:32 UTC] PHP Warning:  foreach() argument must be of type array|object, bool given in C:\Users\meita\Local Sites\figma-tabs-task\app\public\wp-content\themes\figma-tabs-theme\blocks\tabs-section\mobile.php on line 314
[24-Jul-2026 23:23:32 UTC] PHP Warning:  foreach() argument must be of type array|object, bool given in C:\Users\meita\Local Sites\figma-tabs-task\app\public\wp-content\themes\figma-tabs-theme\blocks\tabs-section\mobile.php on line 314
[24-Jul-2026 23:23:32 UTC] PHP Warning:  foreach() argument must be of type array|object, bool given in C:\Users\meita\Local Sites\figma-tabs-task\app\public\wp-content\themes\figma-tabs-theme\blocks\tabs-section\mobile.php on line 314
[24-Jul-2026 23:23:32 UTC] PHP Warning:  foreach() argument must be of type array|object, bool given in C:\Users\meita\Local Sites\figma-tabs-task\app\public\wp-content\themes\figma-tabs-theme\blocks\tabs-section\mobile.php on line 314
[24-Jul-2026 23:23:32 UTC] PHP Warning:  foreach() argument must be of type array|object, bool given in C:\Users\meita\Local Sites\figma-tabs-task\app\public\wp-content\themes\figma-tabs-theme\blocks\tabs-section\mobile.php on line 314
[24-Jul-2026 23:23:32 UTC] PHP Warning:  foreach() argument must be of type array|object, bool given in C:\Users\meita\Local Sites\figma-tabs-task\app\public\wp-content\themes\figma-tabs-theme\blocks\tabs-section\mobile.php on line 314
[24-Jul-2026 23:23:32 UTC] PHP Warning:  foreach() argument must be of type array|object, bool given in C:\Users\meita\Local Sites\figma-tabs-task\app\public\wp-content\themes\figma-tabs-theme\blocks\tabs-section\mobile.php on line 314
[24-Jul-2026 23:23:32 UTC] PHP Warning:  foreach() argument must be of type array|object, bool given in C:\Users\meita\Local Sites\figma-tabs-task\app\public\wp-content\themes\figma-tabs-theme\blocks\tabs-section\mobile.php on line 314
[24-Jul-2026 23:23:33 UTC] PHP Warning:  foreach() argument must be of type array|object, bool given in C:\Users\meita\Local Sites\figma-tabs-task\app\public\wp-content\themes\figma-tabs-theme\blocks\tabs-section\mobile.php on line 314
[24-Jul-2026 23:23:33 UTC] PHP Warning:  foreach() argument must be of type array|object, bool given in C:\Users\meita\Local Sites\figma-tabs-task\app\public\wp-content\themes\figma-tabs-theme\blocks\tabs-section\mobile.php on line 314
[24-Jul-2026 23:23:53 UTC] PHP Warning:  foreach() argument must be of type array|object, bool given in C:\Users\meita\Local Sites\figma-tabs-task\app\public\wp-content\themes\figma-tabs-theme\blocks\tabs-section\mobile.php on line 314
[24-Jul-2026 23:23:53 UTC] PHP Warning:  foreach() argument must be of type array|object, bool given in C:\Users\meita\Local Sites\figma-tabs-task\app\public\wp-content\themes\figma-tabs-theme\blocks\tabs-section\mobile.php on line 314
[24-Jul-2026 23:23:53 UTC] PHP Warning:  foreach() argument must be of type array|object, bool given in C:\Users\meita\Local Sites\figma-tabs-task\app\public\wp-content\themes\figma-tabs-theme\blocks\tabs-section\mobile.php on line 314
[24-Jul-2026 23:23:53 UTC] PHP Warning:  foreach() argument must be of type array|object, bool given in C:\Users\meita\Local Sites\figma-tabs-task\app\public\wp-content\themes\figma-tabs-theme\blocks\tabs-section\mobile.php on line 314
[24-Jul-2026 23:23:53 UTC] PHP Warning:  foreach() argument must be of type array|object, bool given in C:\Users\meita\Local Sites\figma-tabs-task\app\public\wp-content\themes\figma-tabs-theme\blocks\tabs-section\mobile.php on line 314
[24-Jul-2026 23:23:53 UTC] PHP Warning:  foreach() argument must be of type array|object, bool given in C:\Users\meita\Local Sites\figma-tabs-task\app\public\wp-content\themes\figma-tabs-theme\blocks\tabs-section\mobile.php on line 314
[24-Jul-2026 23:23:53 UTC] PHP Warning:  foreach() argument must be of type array|object, bool given in C:\Users\meita\Local Sites\figma-tabs-task\app\public\wp-content\themes\figma-tabs-theme\blocks\tabs-section\mobile.php on line 314
[24-Jul-2026 23:23:53 UTC] PHP Warning:  foreach() argument must be of type array|object, bool given in C:\Users\meita\Local Sites\figma-tabs-task\app\public\wp-content\themes\figma-tabs-theme\blocks\tabs-section\mobile.php on line 314
[24-Jul-2026 23:26:40 UTC] PHP Warning:  foreach() argument must be of type array|object, bool given in C:\Users\meita\Local Sites\figma-tabs-task\app\public\wp-content\themes\figma-tabs-theme\blocks\tabs-section\mobile.php on line 314
[24-Jul-2026 23:26:40 UTC] PHP Warning:  foreach() argument must be of type array|object, bool given in C:\Users\meita\Local Sites\figma-tabs-task\app\public\wp-content\themes\figma-tabs-theme\blocks\tabs-section\mobile.php on line 314
[24-Jul-2026 23:26:40 UTC] PHP Warning:  foreach() argument must be of type array|object, bool given in C:\Users\meita\Local Sites\figma-tabs-task\app\public\wp-content\themes\figma-tabs-theme\blocks\tabs-section\mobile.php on line 314
[24-Jul-2026 23:26:40 UTC] PHP Warning:  foreach() argument must be of type array|object, bool given in C:\Users\meita\Local Sites\figma-tabs-task\app\public\wp-content\themes\figma-tabs-theme\blocks\tabs-section\mobile.php on line 314
[24-Jul-2026 23:26:41 UTC] PHP Warning:  foreach() argument must be of type array|object, bool given in C:\Users\meita\Local Sites\figma-tabs-task\app\public\wp-content\themes\figma-tabs-theme\blocks\tabs-section\mobile.php on line 314
[24-Jul-2026 23:26:41 UTC] PHP Warning:  foreach() argument must be of type array|object, bool given in C:\Users\meita\Local Sites\figma-tabs-task\app\public\wp-content\themes\figma-tabs-theme\blocks\tabs-section\mobile.php on line 314
[24-Jul-2026 23:26:41 UTC] PHP Warning:  foreach() argument must be of type array|object, bool given in C:\Users\meita\Local Sites\figma-tabs-task\app\public\wp-content\themes\figma-tabs-theme\blocks\tabs-section\mobile.php on line 314
[24-Jul-2026 23:26:41 UTC] PHP Warning:  foreach() argument must be of type array|object, bool given in C:\Users\meita\Local Sites\figma-tabs-task\app\public\wp-content\themes\figma-tabs-theme\blocks\tabs-section\mobile.php on line 314
[24-Jul-2026 23:31:57 UTC] PHP Warning:  foreach() argument must be of type array|object, bool given in C:\Users\meita\Local Sites\figma-tabs-task\app\public\wp-content\themes\figma-tabs-theme\blocks\tabs-section\mobile.php on line 314
[24-Jul-2026 23:31:57 UTC] PHP Warning:  foreach() argument must be of type array|object, bool given in C:\Users\meita\Local Sites\figma-tabs-task\app\public\wp-content\themes\figma-tabs-theme\blocks\tabs-section\mobile.php on line 314
[24-Jul-2026 23:31:57 UTC] PHP Warning:  foreach() argument must be of type array|object, bool given in C:\Users\meita\Local Sites\figma-tabs-task\app\public\wp-content\themes\figma-tabs-theme\blocks\tabs-section\mobile.php on line 314
[24-Jul-2026 23:31:57 UTC] PHP Warning:  foreach() argument must be of type array|object, bool given in C:\Users\meita\Local Sites\figma-tabs-task\app\public\wp-content\themes\figma-tabs-theme\blocks\tabs-section\mobile.php on line 314
[24-Jul-2026 23:32:57 UTC] PHP Warning:  foreach() argument must be of type array|object, bool given in C:\Users\meita\Local Sites\figma-tabs-task\app\public\wp-content\themes\figma-tabs-theme\blocks\tabs-section\mobile.php on line 314
[24-Jul-2026 23:32:57 UTC] PHP Warning:  foreach() argument must be of type array|object, bool given in C:\Users\meita\Local Sites\figma-tabs-task\app\public\wp-content\themes\figma-tabs-theme\blocks\tabs-section\mobile.php on line 314
[24-Jul-2026 23:32:57 UTC] PHP Warning:  foreach() argument must be of type array|object, bool given in C:\Users\meita\Local Sites\figma-tabs-task\app\public\wp-content\themes\figma-tabs-theme\blocks\tabs-section\mobile.php on line 314
[24-Jul-2026 23:32:57 UTC] PHP Warning:  foreach() argument must be of type array|object, bool given in C:\Users\meita\Local Sites\figma-tabs-task\app\public\wp-content\themes\figma-tabs-theme\blocks\tabs-section\mobile.php on line 314
[24-Jul-2026 23:32:59 UTC] PHP Warning:  foreach() argument must be of type array|object, bool given in C:\Users\meita\Local Sites\figma-tabs-task\app\public\wp-content\themes\figma-tabs-theme\blocks\tabs-section\mobile.php on line 314
[24-Jul-2026 23:32:59 UTC] PHP Warning:  foreach() argument must be of type array|object, bool given in C:\Users\meita\Local Sites\figma-tabs-task\app\public\wp-content\themes\figma-tabs-theme\blocks\tabs-section\mobile.php on line 314
[24-Jul-2026 23:32:59 UTC] PHP Warning:  foreach() argument must be of type array|object, bool given in C:\Users\meita\Local Sites\figma-tabs-task\app\public\wp-content\themes\figma-tabs-theme\blocks\tabs-section\mobile.php on line 314
[24-Jul-2026 23:32:59 UTC] PHP Warning:  foreach() argument must be of type array|object, bool given in C:\Users\meita\Local Sites\figma-tabs-task\app\public\wp-content\themes\figma-tabs-theme\blocks\tabs-section\mobile.php on line 314
[24-Jul-2026 23:33:02 UTC] PHP Warning:  foreach() argument must be of type array|object, bool given in C:\Users\meita\Local Sites\figma-tabs-task\app\public\wp-content\themes\figma-tabs-theme\blocks\tabs-section\mobile.php on line 314
[24-Jul-2026 23:33:02 UTC] PHP Warning:  foreach() argument must be of type array|object, bool given in C:\Users\meita\Local Sites\figma-tabs-task\app\public\wp-content\themes\figma-tabs-theme\blocks\tabs-section\mobile.php on line 314
[24-Jul-2026 23:33:02 UTC] PHP Warning:  foreach() argument must be of type array|object, bool given in C:\Users\meita\Local Sites\figma-tabs-task\app\public\wp-content\themes\figma-tabs-theme\blocks\tabs-section\mobile.php on line 314
[24-Jul-2026 23:33:02 UTC] PHP Warning:  foreach() argument must be of type array|object, bool given in C:\Users\meita\Local Sites\figma-tabs-task\app\public\wp-content\themes\figma-tabs-theme\blocks\tabs-section\mobile.php on line 314
[24-Jul-2026 23:33:38 UTC] PHP Warning:  foreach() argument must be of type array|object, bool given in C:\Users\meita\Local Sites\figma-tabs-task\app\public\wp-content\themes\figma-tabs-theme\blocks\tabs-section\mobile.php on line 314
[24-Jul-2026 23:33:38 UTC] PHP Warning:  foreach() argument must be of type array|object, bool given in C:\Users\meita\Local Sites\figma-tabs-task\app\public\wp-content\themes\figma-tabs-theme\blocks\tabs-section\mobile.php on line 314
[24-Jul-2026 23:33:38 UTC] PHP Warning:  foreach() argument must be of type array|object, bool given in C:\Users\meita\Local Sites\figma-tabs-task\app\public\wp-content\themes\figma-tabs-theme\blocks\tabs-section\mobile.php on line 314
[24-Jul-2026 23:33:38 UTC] PHP Warning:  foreach() argument must be of type array|object, bool given in C:\Users\meita\Local Sites\figma-tabs-task\app\public\wp-content\themes\figma-tabs-theme\blocks\tabs-section\mobile.php on line 314
[24-Jul-2026 23:33:38 UTC] PHP Warning:  foreach() argument must be of type array|object, bool given in C:\Users\meita\Local Sites\figma-tabs-task\app\public\wp-content\themes\figma-tabs-theme\blocks\tabs-section\mobile.php on line 314
[24-Jul-2026 23:33:38 UTC] PHP Warning:  foreach() argument must be of type array|object, bool given in C:\Users\meita\Local Sites\figma-tabs-task\app\public\wp-content\themes\figma-tabs-theme\blocks\tabs-section\mobile.php on line 314
[24-Jul-2026 23:33:38 UTC] PHP Warning:  foreach() argument must be of type array|object, bool given in C:\Users\meita\Local Sites\figma-tabs-task\app\public\wp-content\themes\figma-tabs-theme\blocks\tabs-section\mobile.php on line 314
[24-Jul-2026 23:33:38 UTC] PHP Warning:  foreach() argument must be of type array|object, bool given in C:\Users\meita\Local Sites\figma-tabs-task\app\public\wp-content\themes\figma-tabs-theme\blocks\tabs-section\mobile.php on line 314
[24-Jul-2026 23:33:43 UTC] PHP Warning:  foreach() argument must be of type array|object, bool given in C:\Users\meita\Local Sites\figma-tabs-task\app\public\wp-content\themes\figma-tabs-theme\blocks\tabs-section\mobile.php on line 314
[24-Jul-2026 23:33:43 UTC] PHP Warning:  foreach() argument must be of type array|object, bool given in C:\Users\meita\Local Sites\figma-tabs-task\app\public\wp-content\themes\figma-tabs-theme\blocks\tabs-section\mobile.php on line 314
[24-Jul-2026 23:33:43 UTC] PHP Warning:  foreach() argument must be of type array|object, bool given in C:\Users\meita\Local Sites\figma-tabs-task\app\public\wp-content\themes\figma-tabs-theme\blocks\tabs-section\mobile.php on line 314
[24-Jul-2026 23:33:43 UTC] PHP Warning:  foreach() argument must be of type array|object, bool given in C:\Users\meita\Local Sites\figma-tabs-task\app\public\wp-content\themes\figma-tabs-theme\blocks\tabs-section\mobile.php on line 314
[24-Jul-2026 23:33:47 UTC] PHP Warning:  foreach() argument must be of type array|object, bool given in C:\Users\meita\Local Sites\figma-tabs-task\app\public\wp-content\themes\figma-tabs-theme\blocks\tabs-section\mobile.php on line 314
[24-Jul-2026 23:33:47 UTC] PHP Warning:  foreach() argument must be of type array|object, bool given in C:\Users\meita\Local Sites\figma-tabs-task\app\public\wp-content\themes\figma-tabs-theme\blocks\tabs-section\mobile.php on line 314
[24-Jul-2026 23:33:47 UTC] PHP Warning:  foreach() argument must be of type array|object, bool given in C:\Users\meita\Local Sites\figma-tabs-task\app\public\wp-content\themes\figma-tabs-theme\blocks\tabs-section\mobile.php on line 314
[24-Jul-2026 23:33:47 UTC] PHP Warning:  foreach() argument must be of type array|object, bool given in C:\Users\meita\Local Sites\figma-tabs-task\app\public\wp-content\themes\figma-tabs-theme\blocks\tabs-section\mobile.php on line 314
[24-Jul-2026 23:33:47 UTC] PHP Warning:  foreach() argument must be of type array|object, bool given in C:\Users\meita\Local Sites\figma-tabs-task\app\public\wp-content\themes\figma-tabs-theme\blocks\tabs-section\mobile.php on line 314
[24-Jul-2026 23:33:47 UTC] PHP Warning:  foreach() argument must be of type array|object, bool given in C:\Users\meita\Local Sites\figma-tabs-task\app\public\wp-content\themes\figma-tabs-theme\blocks\tabs-section\mobile.php on line 314
[24-Jul-2026 23:33:47 UTC] PHP Warning:  foreach() argument must be of type array|object, bool given in C:\Users\meita\Local Sites\figma-tabs-task\app\public\wp-content\themes\figma-tabs-theme\blocks\tabs-section\mobile.php on line 314
[24-Jul-2026 23:33:47 UTC] PHP Warning:  foreach() argument must be of type array|object, bool given in C:\Users\meita\Local Sites\figma-tabs-task\app\public\wp-content\themes\figma-tabs-theme\blocks\tabs-section\mobile.php on line 314
[24-Jul-2026 23:33:48 UTC] PHP Warning:  foreach() argument must be of type array|object, bool given in C:\Users\meita\Local Sites\figma-tabs-task\app\public\wp-content\themes\figma-tabs-theme\blocks\tabs-section\mobile.php on line 314
[24-Jul-2026 23:33:48 UTC] PHP Warning:  foreach() argument must be of type array|object, bool given in C:\Users\meita\Local Sites\figma-tabs-task\app\public\wp-content\themes\figma-tabs-theme\blocks\tabs-section\mobile.php on line 314
[24-Jul-2026 23:33:48 UTC] PHP Warning:  foreach() argument must be of type array|object, bool given in C:\Users\meita\Local Sites\figma-tabs-task\app\public\wp-content\themes\figma-tabs-theme\blocks\tabs-section\mobile.php on line 314
[24-Jul-2026 23:33:48 UTC] PHP Warning:  foreach() argument must be of type array|object, bool given in C:\Users\meita\Local Sites\figma-tabs-task\app\public\wp-content\themes\figma-tabs-theme\blocks\tabs-section\mobile.php on line 314
[24-Jul-2026 23:33:50 UTC] PHP Warning:  foreach() argument must be of type array|object, bool given in C:\Users\meita\Local Sites\figma-tabs-task\app\public\wp-content\themes\figma-tabs-theme\blocks\tabs-section\mobile.php on line 314
[24-Jul-2026 23:33:50 UTC] PHP Warning:  foreach() argument must be of type array|object, bool given in C:\Users\meita\Local Sites\figma-tabs-task\app\public\wp-content\themes\figma-tabs-theme\blocks\tabs-section\mobile.php on line 314
[24-Jul-2026 23:33:50 UTC] PHP Warning:  foreach() argument must be of type array|object, bool given in C:\Users\meita\Local Sites\figma-tabs-task\app\public\wp-content\themes\figma-tabs-theme\blocks\tabs-section\mobile.php on line 314
[24-Jul-2026 23:33:50 UTC] PHP Warning:  foreach() argument must be of type array|object, bool given in C:\Users\meita\Local Sites\figma-tabs-task\app\public\wp-content\themes\figma-tabs-theme\blocks\tabs-section\mobile.php on line 314
[24-Jul-2026 23:33:56 UTC] PHP Warning:  foreach() argument must be of type array|object, bool given in C:\Users\meita\Local Sites\figma-tabs-task\app\public\wp-content\themes\figma-tabs-theme\blocks\tabs-section\mobile.php on line 314
[24-Jul-2026 23:33:56 UTC] PHP Warning:  foreach() argument must be of type array|object, bool given in C:\Users\meita\Local Sites\figma-tabs-task\app\public\wp-content\themes\figma-tabs-theme\blocks\tabs-section\mobile.php on line 314
[24-Jul-2026 23:33:56 UTC] PHP Warning:  foreach() argument must be of type array|object, bool given in C:\Users\meita\Local Sites\figma-tabs-task\app\public\wp-content\themes\figma-tabs-theme\blocks\tabs-section\mobile.php on line 314
[24-Jul-2026 23:33:56 UTC] PHP Warning:  foreach() argument must be of type array|object, bool given in C:\Users\meita\Local Sites\figma-tabs-task\app\public\wp-content\themes\figma-tabs-theme\blocks\tabs-section\mobile.php on line 314
[24-Jul-2026 23:33:59 UTC] PHP Warning:  foreach() argument must be of type array|object, bool given in C:\Users\meita\Local Sites\figma-tabs-task\app\public\wp-content\themes\figma-tabs-theme\blocks\tabs-section\mobile.php on line 314
[24-Jul-2026 23:33:59 UTC] PHP Warning:  foreach() argument must be of type array|object, bool given in C:\Users\meita\Local Sites\figma-tabs-task\app\public\wp-content\themes\figma-tabs-theme\blocks\tabs-section\mobile.php on line 314
[24-Jul-2026 23:33:59 UTC] PHP Warning:  foreach() argument must be of type array|object, bool given in C:\Users\meita\Local Sites\figma-tabs-task\app\public\wp-content\themes\figma-tabs-theme\blocks\tabs-section\mobile.php on line 314
[24-Jul-2026 23:33:59 UTC] PHP Warning:  foreach() argument must be of type array|object, bool given in C:\Users\meita\Local Sites\figma-tabs-task\app\public\wp-content\themes\figma-tabs-theme\blocks\tabs-section\mobile.php on line 314
[24-Jul-2026 23:34:11 UTC] PHP Warning:  foreach() argument must be of type array|object, bool given in C:\Users\meita\Local Sites\figma-tabs-task\app\public\wp-content\themes\figma-tabs-theme\blocks\tabs-section\mobile.php on line 314
[24-Jul-2026 23:34:11 UTC] PHP Warning:  foreach() argument must be of type array|object, bool given in C:\Users\meita\Local Sites\figma-tabs-task\app\public\wp-content\themes\figma-tabs-theme\blocks\tabs-section\mobile.php on line 314
[24-Jul-2026 23:34:11 UTC] PHP Warning:  foreach() argument must be of type array|object, bool given in C:\Users\meita\Local Sites\figma-tabs-task\app\public\wp-content\themes\figma-tabs-theme\blocks\tabs-section\mobile.php on line 314
[24-Jul-2026 23:34:11 UTC] PHP Warning:  foreach() argument must be of type array|object, bool given in C:\Users\meita\Local Sites\figma-tabs-task\app\public\wp-content\themes\figma-tabs-theme\blocks\tabs-section\mobile.php on line 314
[24-Jul-2026 23:34:12 UTC] PHP Warning:  foreach() argument must be of type array|object, bool given in C:\Users\meita\Local Sites\figma-tabs-task\app\public\wp-content\themes\figma-tabs-theme\blocks\tabs-section\mobile.php on line 314
[24-Jul-2026 23:34:12 UTC] PHP Warning:  foreach() argument must be of type array|object, bool given in C:\Users\meita\Local Sites\figma-tabs-task\app\public\wp-content\themes\figma-tabs-theme\blocks\tabs-section\mobile.php on line 314
[24-Jul-2026 23:34:12 UTC] PHP Warning:  foreach() argument must be of type array|object, bool given in C:\Users\meita\Local Sites\figma-tabs-task\app\public\wp-content\themes\figma-tabs-theme\blocks\tabs-section\mobile.php on line 314
[24-Jul-2026 23:34:12 UTC] PHP Warning:  foreach() argument must be of type array|object, bool given in C:\Users\meita\Local Sites\figma-tabs-task\app\public\wp-content\themes\figma-tabs-theme\blocks\tabs-section\mobile.php on line 314
[24-Jul-2026 23:34:16 UTC] PHP Warning:  foreach() argument must be of type array|object, bool given in C:\Users\meita\Local Sites\figma-tabs-task\app\public\wp-content\themes\figma-tabs-theme\blocks\tabs-section\mobile.php on line 314
[24-Jul-2026 23:34:16 UTC] PHP Warning:  foreach() argument must be of type array|object, bool given in C:\Users\meita\Local Sites\figma-tabs-task\app\public\wp-content\themes\figma-tabs-theme\blocks\tabs-section\mobile.php on line 314
[24-Jul-2026 23:34:16 UTC] PHP Warning:  foreach() argument must be of type array|object, bool given in C:\Users\meita\Local Sites\figma-tabs-task\app\public\wp-content\themes\figma-tabs-theme\blocks\tabs-section\mobile.php on line 314
[24-Jul-2026 23:34:16 UTC] PHP Warning:  foreach() argument must be of type array|object, bool given in C:\Users\meita\Local Sites\figma-tabs-task\app\public\wp-content\themes\figma-tabs-theme\blocks\tabs-section\mobile.php on line 314
[24-Jul-2026 23:34:18 UTC] PHP Warning:  foreach() argument must be of type array|object, bool given in C:\Users\meita\Local Sites\figma-tabs-task\app\public\wp-content\themes\figma-tabs-theme\blocks\tabs-section\mobile.php on line 314
[24-Jul-2026 23:34:18 UTC] PHP Warning:  foreach() argument must be of type array|object, bool given in C:\Users\meita\Local Sites\figma-tabs-task\app\public\wp-content\themes\figma-tabs-theme\blocks\tabs-section\mobile.php on line 314
[24-Jul-2026 23:34:18 UTC] PHP Warning:  foreach() argument must be of type array|object, bool given in C:\Users\meita\Local Sites\figma-tabs-task\app\public\wp-content\themes\figma-tabs-theme\blocks\tabs-section\mobile.php on line 314
[24-Jul-2026 23:34:18 UTC] PHP Warning:  foreach() argument must be of type array|object, bool given in C:\Users\meita\Local Sites\figma-tabs-task\app\public\wp-content\themes\figma-tabs-theme\blocks\tabs-section\mobile.php on line 314
[24-Jul-2026 23:34:18 UTC] PHP Warning:  foreach() argument must be of type array|object, bool given in C:\Users\meita\Local Sites\figma-tabs-task\app\public\wp-content\themes\figma-tabs-theme\blocks\tabs-section\mobile.php on line 314
[24-Jul-2026 23:34:18 UTC] PHP Warning:  foreach() argument must be of type array|object, bool given in C:\Users\meita\Local Sites\figma-tabs-task\app\public\wp-content\themes\figma-tabs-theme\blocks\tabs-section\mobile.php on line 314
[24-Jul-2026 23:34:18 UTC] PHP Warning:  foreach() argument must be of type array|object, bool given in C:\Users\meita\Local Sites\figma-tabs-task\app\public\wp-content\themes\figma-tabs-theme\blocks\tabs-section\mobile.php on line 314
[24-Jul-2026 23:34:18 UTC] PHP Warning:  foreach() argument must be of type array|object, bool given in C:\Users\meita\Local Sites\figma-tabs-task\app\public\wp-content\themes\figma-tabs-theme\blocks\tabs-section\mobile.php on line 314
[24-Jul-2026 23:34:23 UTC] PHP Warning:  foreach() argument must be of type array|object, bool given in C:\Users\meita\Local Sites\figma-tabs-task\app\public\wp-content\themes\figma-tabs-theme\blocks\tabs-section\mobile.php on line 314
[24-Jul-2026 23:34:23 UTC] PHP Warning:  foreach() argument must be of type array|object, bool given in C:\Users\meita\Local Sites\figma-tabs-task\app\public\wp-content\themes\figma-tabs-theme\blocks\tabs-section\mobile.php on line 314
[24-Jul-2026 23:34:23 UTC] PHP Warning:  foreach() argument must be of type array|object, bool given in C:\Users\meita\Local Sites\figma-tabs-task\app\public\wp-content\themes\figma-tabs-theme\blocks\tabs-section\mobile.php on line 314
[24-Jul-2026 23:34:23 UTC] PHP Warning:  foreach() argument must be of type array|object, bool given in C:\Users\meita\Local Sites\figma-tabs-task\app\public\wp-content\themes\figma-tabs-theme\blocks\tabs-section\mobile.php on line 314
[24-Jul-2026 23:34:24 UTC] PHP Warning:  foreach() argument must be of type array|object, bool given in C:\Users\meita\Local Sites\figma-tabs-task\app\public\wp-content\themes\figma-tabs-theme\blocks\tabs-section\mobile.php on line 314
[24-Jul-2026 23:34:24 UTC] PHP Warning:  foreach() argument must be of type array|object, bool given in C:\Users\meita\Local Sites\figma-tabs-task\app\public\wp-content\themes\figma-tabs-theme\blocks\tabs-section\mobile.php on line 314
[24-Jul-2026 23:34:24 UTC] PHP Warning:  foreach() argument must be of type array|object, bool given in C:\Users\meita\Local Sites\figma-tabs-task\app\public\wp-content\themes\figma-tabs-theme\blocks\tabs-section\mobile.php on line 314
[24-Jul-2026 23:34:24 UTC] PHP Warning:  foreach() argument must be of type array|object, bool given in C:\Users\meita\Local Sites\figma-tabs-task\app\public\wp-content\themes\figma-tabs-theme\blocks\tabs-section\mobile.php on line 314
[24-Jul-2026 23:34:25 UTC] PHP Warning:  foreach() argument must be of type array|object, bool given in C:\Users\meita\Local Sites\figma-tabs-task\app\public\wp-content\themes\figma-tabs-theme\blocks\tabs-section\mobile.php on line 314
[24-Jul-2026 23:34:25 UTC] PHP Warning:  foreach() argument must be of type array|object, bool given in C:\Users\meita\Local Sites\figma-tabs-task\app\public\wp-content\themes\figma-tabs-theme\blocks\tabs-section\mobile.php on line 314
[24-Jul-2026 23:34:25 UTC] PHP Warning:  foreach() argument must be of type array|object, bool given in C:\Users\meita\Local Sites\figma-tabs-task\app\public\wp-content\themes\figma-tabs-theme\blocks\tabs-section\mobile.php on line 314
[24-Jul-2026 23:34:25 UTC] PHP Warning:  foreach() argument must be of type array|object, bool given in C:\Users\meita\Local Sites\figma-tabs-task\app\public\wp-content\themes\figma-tabs-theme\blocks\tabs-section\mobile.php on line 314
[24-Jul-2026 23:34:28 UTC] PHP Warning:  foreach() argument must be of type array|object, bool given in C:\Users\meita\Local Sites\figma-tabs-task\app\public\wp-content\themes\figma-tabs-theme\blocks\tabs-section\mobile.php on line 314
[24-Jul-2026 23:34:28 UTC] PHP Warning:  foreach() argument must be of type array|object, bool given in C:\Users\meita\Local Sites\figma-tabs-task\app\public\wp-content\themes\figma-tabs-theme\blocks\tabs-section\mobile.php on line 314
[24-Jul-2026 23:34:28 UTC] PHP Warning:  foreach() argument must be of type array|object, bool given in C:\Users\meita\Local Sites\figma-tabs-task\app\public\wp-content\themes\figma-tabs-theme\blocks\tabs-section\mobile.php on line 314
[24-Jul-2026 23:34:28 UTC] PHP Warning:  foreach() argument must be of type array|object, bool given in C:\Users\meita\Local Sites\figma-tabs-task\app\public\wp-content\themes\figma-tabs-theme\blocks\tabs-section\mobile.php on line 314
[24-Jul-2026 23:34:30 UTC] PHP Warning:  foreach() argument must be of type array|object, bool given in C:\Users\meita\Local Sites\figma-tabs-task\app\public\wp-content\themes\figma-tabs-theme\blocks\tabs-section\mobile.php on line 314
[24-Jul-2026 23:34:30 UTC] PHP Warning:  foreach() argument must be of type array|object, bool given in C:\Users\meita\Local Sites\figma-tabs-task\app\public\wp-content\themes\figma-tabs-theme\blocks\tabs-section\mobile.php on line 314
[24-Jul-2026 23:34:30 UTC] PHP Warning:  foreach() argument must be of type array|object, bool given in C:\Users\meita\Local Sites\figma-tabs-task\app\public\wp-content\themes\figma-tabs-theme\blocks\tabs-section\mobile.php on line 314
[24-Jul-2026 23:34:30 UTC] PHP Warning:  foreach() argument must be of type array|object, bool given in C:\Users\meita\Local Sites\figma-tabs-task\app\public\wp-content\themes\figma-tabs-theme\blocks\tabs-section\mobile.php on line 314
[24-Jul-2026 23:34:33 UTC] PHP Warning:  foreach() argument must be of type array|object, bool given in C:\Users\meita\Local Sites\figma-tabs-task\app\public\wp-content\themes\figma-tabs-theme\blocks\tabs-section\mobile.php on line 314
[24-Jul-2026 23:34:33 UTC] PHP Warning:  foreach() argument must be of type array|object, bool given in C:\Users\meita\Local Sites\figma-tabs-task\app\public\wp-content\themes\figma-tabs-theme\blocks\tabs-section\mobile.php on line 314
[24-Jul-2026 23:34:33 UTC] PHP Warning:  foreach() argument must be of type array|object, bool given in C:\Users\meita\Local Sites\figma-tabs-task\app\public\wp-content\themes\figma-tabs-theme\blocks\tabs-section\mobile.php on line 314
[24-Jul-2026 23:34:33 UTC] PHP Warning:  foreach() argument must be of type array|object, bool given in C:\Users\meita\Local Sites\figma-tabs-task\app\public\wp-content\themes\figma-tabs-theme\blocks\tabs-section\mobile.php on line 314
[24-Jul-2026 23:34:33 UTC] PHP Warning:  foreach() argument must be of type array|object, bool given in C:\Users\meita\Local Sites\figma-tabs-task\app\public\wp-content\themes\figma-tabs-theme\blocks\tabs-section\mobile.php on line 314
[24-Jul-2026 23:34:33 UTC] PHP Warning:  foreach() argument must be of type array|object, bool given in C:\Users\meita\Local Sites\figma-tabs-task\app\public\wp-content\themes\figma-tabs-theme\blocks\tabs-section\mobile.php on line 314
[24-Jul-2026 23:34:33 UTC] PHP Warning:  foreach() argument must be of type array|object, bool given in C:\Users\meita\Local Sites\figma-tabs-task\app\public\wp-content\themes\figma-tabs-theme\blocks\tabs-section\mobile.php on line 314
[24-Jul-2026 23:34:33 UTC] PHP Warning:  foreach() argument must be of type array|object, bool given in C:\Users\meita\Local Sites\figma-tabs-task\app\public\wp-content\themes\figma-tabs-theme\blocks\tabs-section\mobile.php on line 314
[24-Jul-2026 23:34:36 UTC] PHP Warning:  foreach() argument must be of type array|object, bool given in C:\Users\meita\Local Sites\figma-tabs-task\app\public\wp-content\themes\figma-tabs-theme\blocks\tabs-section\mobile.php on line 314
[24-Jul-2026 23:34:36 UTC] PHP Warning:  foreach() argument must be of type array|object, bool given in C:\Users\meita\Local Sites\figma-tabs-task\app\public\wp-content\themes\figma-tabs-theme\blocks\tabs-section\mobile.php on line 314
[24-Jul-2026 23:34:36 UTC] PHP Warning:  foreach() argument must be of type array|object, bool given in C:\Users\meita\Local Sites\figma-tabs-task\app\public\wp-content\themes\figma-tabs-theme\blocks\tabs-section\mobile.php on line 314
[24-Jul-2026 23:34:36 UTC] PHP Warning:  foreach() argument must be of type array|object, bool given in C:\Users\meita\Local Sites\figma-tabs-task\app\public\wp-content\themes\figma-tabs-theme\blocks\tabs-section\mobile.php on line 314
[24-Jul-2026 23:34:46 UTC] PHP Warning:  foreach() argument must be of type array|object, bool given in C:\Users\meita\Local Sites\figma-tabs-task\app\public\wp-content\themes\figma-tabs-theme\blocks\tabs-section\mobile.php on line 314
[24-Jul-2026 23:34:46 UTC] PHP Warning:  foreach() argument must be of type array|object, bool given in C:\Users\meita\Local Sites\figma-tabs-task\app\public\wp-content\themes\figma-tabs-theme\blocks\tabs-section\mobile.php on line 314
[24-Jul-2026 23:34:46 UTC] PHP Warning:  foreach() argument must be of type array|object, bool given in C:\Users\meita\Local Sites\figma-tabs-task\app\public\wp-content\themes\figma-tabs-theme\blocks\tabs-section\mobile.php on line 314
[24-Jul-2026 23:34:46 UTC] PHP Warning:  foreach() argument must be of type array|object, bool given in C:\Users\meita\Local Sites\figma-tabs-task\app\public\wp-content\themes\figma-tabs-theme\blocks\tabs-section\mobile.php on line 314
[24-Jul-2026 23:34:47 UTC] PHP Warning:  foreach() argument must be of type array|object, bool given in C:\Users\meita\Local Sites\figma-tabs-task\app\public\wp-content\themes\figma-tabs-theme\blocks\tabs-section\mobile.php on line 314
[24-Jul-2026 23:34:47 UTC] PHP Warning:  foreach() argument must be of type array|object, bool given in C:\Users\meita\Local Sites\figma-tabs-task\app\public\wp-content\themes\figma-tabs-theme\blocks\tabs-section\mobile.php on line 314
[24-Jul-2026 23:34:47 UTC] PHP Warning:  foreach() argument must be of type array|object, bool given in C:\Users\meita\Local Sites\figma-tabs-task\app\public\wp-content\themes\figma-tabs-theme\blocks\tabs-section\mobile.php on line 314
[24-Jul-2026 23:34:47 UTC] PHP Warning:  foreach() argument must be of type array|object, bool given in C:\Users\meita\Local Sites\figma-tabs-task\app\public\wp-content\themes\figma-tabs-theme\blocks\tabs-section\mobile.php on line 314
[24-Jul-2026 23:34:55 UTC] PHP Warning:  foreach() argument must be of type array|object, bool given in C:\Users\meita\Local Sites\figma-tabs-task\app\public\wp-content\themes\figma-tabs-theme\blocks\tabs-section\mobile.php on line 314
[24-Jul-2026 23:34:55 UTC] PHP Warning:  foreach() argument must be of type array|object, bool given in C:\Users\meita\Local Sites\figma-tabs-task\app\public\wp-content\themes\figma-tabs-theme\blocks\tabs-section\mobile.php on line 314
[24-Jul-2026 23:34:55 UTC] PHP Warning:  foreach() argument must be of type array|object, bool given in C:\Users\meita\Local Sites\figma-tabs-task\app\public\wp-content\themes\figma-tabs-theme\blocks\tabs-section\mobile.php on line 314
[24-Jul-2026 23:34:55 UTC] PHP Warning:  foreach() argument must be of type array|object, bool given in C:\Users\meita\Local Sites\figma-tabs-task\app\public\wp-content\themes\figma-tabs-theme\blocks\tabs-section\mobile.php on line 314
[24-Jul-2026 23:34:55 UTC] PHP Warning:  foreach() argument must be of type array|object, bool given in C:\Users\meita\Local Sites\figma-tabs-task\app\public\wp-content\themes\figma-tabs-theme\blocks\tabs-section\mobile.php on line 314
[24-Jul-2026 23:34:55 UTC] PHP Warning:  foreach() argument must be of type array|object, bool given in C:\Users\meita\Local Sites\figma-tabs-task\app\public\wp-content\themes\figma-tabs-theme\blocks\tabs-section\mobile.php on line 314
[24-Jul-2026 23:34:55 UTC] PHP Warning:  foreach() argument must be of type array|object, bool given in C:\Users\meita\Local Sites\figma-tabs-task\app\public\wp-content\themes\figma-tabs-theme\blocks\tabs-section\mobile.php on line 314
[24-Jul-2026 23:34:55 UTC] PHP Warning:  foreach() argument must be of type array|object, bool given in C:\Users\meita\Local Sites\figma-tabs-task\app\public\wp-content\themes\figma-tabs-theme\blocks\tabs-section\mobile.php on line 314
[24-Jul-2026 23:36:11 UTC] PHP Warning:  foreach() argument must be of type array|object, bool given in C:\Users\meita\Local Sites\figma-tabs-task\app\public\wp-content\themes\figma-tabs-theme\blocks\tabs-section\mobile.php on line 318
[24-Jul-2026 23:36:11 UTC] PHP Warning:  foreach() argument must be of type array|object, bool given in C:\Users\meita\Local Sites\figma-tabs-task\app\public\wp-content\themes\figma-tabs-theme\blocks\tabs-section\mobile.php on line 318
[24-Jul-2026 23:36:11 UTC] PHP Warning:  foreach() argument must be of type array|object, bool given in C:\Users\meita\Local Sites\figma-tabs-task\app\public\wp-content\themes\figma-tabs-theme\blocks\tabs-section\mobile.php on line 318
[24-Jul-2026 23:36:11 UTC] PHP Warning:  foreach() argument must be of type array|object, bool given in C:\Users\meita\Local Sites\figma-tabs-task\app\public\wp-content\themes\figma-tabs-theme\blocks\tabs-section\mobile.php on line 318
[24-Jul-2026 23:36:12 UTC] Automatic updates starting...
[24-Jul-2026 23:36:12 UTC] PHP Warning:  foreach() argument must be of type array|object, bool given in C:\Users\meita\Local Sites\figma-tabs-task\app\public\wp-content\themes\figma-tabs-theme\blocks\tabs-section\mobile.php on line 318
[24-Jul-2026 23:36:12 UTC] PHP Warning:  foreach() argument must be of type array|object, bool given in C:\Users\meita\Local Sites\figma-tabs-task\app\public\wp-content\themes\figma-tabs-theme\blocks\tabs-section\mobile.php on line 318
[24-Jul-2026 23:36:12 UTC] PHP Warning:  foreach() argument must be of type array|object, bool given in C:\Users\meita\Local Sites\figma-tabs-task\app\public\wp-content\themes\figma-tabs-theme\blocks\tabs-section\mobile.php on line 318
[24-Jul-2026 23:36:12 UTC] PHP Warning:  foreach() argument must be of type array|object, bool given in C:\Users\meita\Local Sites\figma-tabs-task\app\public\wp-content\themes\figma-tabs-theme\blocks\tabs-section\mobile.php on line 318
[24-Jul-2026 23:36:13 UTC] Automatic updates complete.
[24-Jul-2026 23:37:47 UTC] PHP Warning:  foreach() argument must be of type array|object, bool given in C:\Users\meita\Local Sites\figma-tabs-task\app\public\wp-content\themes\figma-tabs-theme\blocks\tabs-section\mobile.php on line 318
[24-Jul-2026 23:37:47 UTC] PHP Warning:  foreach() argument must be of type array|object, bool given in C:\Users\meita\Local Sites\figma-tabs-task\app\public\wp-content\themes\figma-tabs-theme\blocks\tabs-section\mobile.php on line 318
[24-Jul-2026 23:37:47 UTC] PHP Warning:  foreach() argument must be of type array|object, bool given in C:\Users\meita\Local Sites\figma-tabs-task\app\public\wp-content\themes\figma-tabs-theme\blocks\tabs-section\mobile.php on line 318
[24-Jul-2026 23:37:47 UTC] PHP Warning:  foreach() argument must be of type array|object, bool given in C:\Users\meita\Local Sites\figma-tabs-task\app\public\wp-content\themes\figma-tabs-theme\blocks\tabs-section\mobile.php on line 318
[24-Jul-2026 23:37:47 UTC] PHP Warning:  foreach() argument must be of type array|object, bool given in C:\Users\meita\Local Sites\figma-tabs-task\app\public\wp-content\themes\figma-tabs-theme\blocks\tabs-section\mobile.php on line 318
[24-Jul-2026 23:37:47 UTC] PHP Warning:  foreach() argument must be of type array|object, bool given in C:\Users\meita\Local Sites\figma-tabs-task\app\public\wp-content\themes\figma-tabs-theme\blocks\tabs-section\mobile.php on line 318
[24-Jul-2026 23:37:47 UTC] PHP Warning:  foreach() argument must be of type array|object, bool given in C:\Users\meita\Local Sites\figma-tabs-task\app\public\wp-content\themes\figma-tabs-theme\blocks\tabs-section\mobile.php on line 318
[24-Jul-2026 23:37:47 UTC] PHP Warning:  foreach() argument must be of type array|object, bool given in C:\Users\meita\Local Sites\figma-tabs-task\app\public\wp-content\themes\figma-tabs-theme\blocks\tabs-section\mobile.php on line 318
[24-Jul-2026 23:38:04 UTC] PHP Warning:  foreach() argument must be of type array|object, bool given in C:\Users\meita\Local Sites\figma-tabs-task\app\public\wp-content\themes\figma-tabs-theme\blocks\tabs-section\mobile.php on line 318
[24-Jul-2026 23:38:04 UTC] PHP Warning:  foreach() argument must be of type array|object, bool given in C:\Users\meita\Local Sites\figma-tabs-task\app\public\wp-content\themes\figma-tabs-theme\blocks\tabs-section\mobile.php on line 318
[24-Jul-2026 23:38:04 UTC] PHP Warning:  foreach() argument must be of type array|object, bool given in C:\Users\meita\Local Sites\figma-tabs-task\app\public\wp-content\themes\figma-tabs-theme\blocks\tabs-section\mobile.php on line 318
[24-Jul-2026 23:38:04 UTC] PHP Warning:  foreach() argument must be of type array|object, bool given in C:\Users\meita\Local Sites\figma-tabs-task\app\public\wp-content\themes\figma-tabs-theme\blocks\tabs-section\mobile.php on line 318
[24-Jul-2026 23:38:05 UTC] PHP Warning:  foreach() argument must be of type array|object, bool given in C:\Users\meita\Local Sites\figma-tabs-task\app\public\wp-content\themes\figma-tabs-theme\blocks\tabs-section\mobile.php on line 318
[24-Jul-2026 23:38:05 UTC] PHP Warning:  foreach() argument must be of type array|object, bool given in C:\Users\meita\Local Sites\figma-tabs-task\app\public\wp-content\themes\figma-tabs-theme\blocks\tabs-section\mobile.php on line 318
[24-Jul-2026 23:38:05 UTC] PHP Warning:  foreach() argument must be of type array|object, bool given in C:\Users\meita\Local Sites\figma-tabs-task\app\public\wp-content\themes\figma-tabs-theme\blocks\tabs-section\mobile.php on line 318
[24-Jul-2026 23:38:05 UTC] PHP Warning:  foreach() argument must be of type array|object, bool given in C:\Users\meita\Local Sites\figma-tabs-task\app\public\wp-content\themes\figma-tabs-theme\blocks\tabs-section\mobile.php on line 318
[24-Jul-2026 23:41:22 UTC] PHP Warning:  foreach() argument must be of type array|object, bool given in C:\Users\meita\Local Sites\figma-tabs-task\app\public\wp-content\themes\figma-tabs-theme\blocks\tabs-section\mobile.php on line 318
[24-Jul-2026 23:41:22 UTC] PHP Warning:  foreach() argument must be of type array|object, bool given in C:\Users\meita\Local Sites\figma-tabs-task\app\public\wp-content\themes\figma-tabs-theme\blocks\tabs-section\mobile.php on line 318
[24-Jul-2026 23:41:22 UTC] PHP Warning:  foreach() argument must be of type array|object, bool given in C:\Users\meita\Local Sites\figma-tabs-task\app\public\wp-content\themes\figma-tabs-theme\blocks\tabs-section\mobile.php on line 318
[24-Jul-2026 23:41:22 UTC] PHP Warning:  foreach() argument must be of type array|object, bool given in C:\Users\meita\Local Sites\figma-tabs-task\app\public\wp-content\themes\figma-tabs-theme\blocks\tabs-section\mobile.php on line 318
[24-Jul-2026 23:41:22 UTC] PHP Warning:  foreach() argument must be of type array|object, bool given in C:\Users\meita\Local Sites\figma-tabs-task\app\public\wp-content\themes\figma-tabs-theme\blocks\tabs-section\mobile.php on line 318
[24-Jul-2026 23:41:22 UTC] PHP Warning:  foreach() argument must be of type array|object, bool given in C:\Users\meita\Local Sites\figma-tabs-task\app\public\wp-content\themes\figma-tabs-theme\blocks\tabs-section\mobile.php on line 318
[24-Jul-2026 23:41:22 UTC] PHP Warning:  foreach() argument must be of type array|object, bool given in C:\Users\meita\Local Sites\figma-tabs-task\app\public\wp-content\themes\figma-tabs-theme\blocks\tabs-section\mobile.php on line 318
[24-Jul-2026 23:41:22 UTC] PHP Warning:  foreach() argument must be of type array|object, bool given in C:\Users\meita\Local Sites\figma-tabs-task\app\public\wp-content\themes\figma-tabs-theme\blocks\tabs-section\mobile.php on line 318
[24-Jul-2026 23:42:08 UTC] PHP Warning:  foreach() argument must be of type array|object, bool given in C:\Users\meita\Local Sites\figma-tabs-task\app\public\wp-content\themes\figma-tabs-theme\blocks\tabs-section\mobile.php on line 318
[24-Jul-2026 23:42:08 UTC] PHP Warning:  foreach() argument must be of type array|object, bool given in C:\Users\meita\Local Sites\figma-tabs-task\app\public\wp-content\themes\figma-tabs-theme\blocks\tabs-section\mobile.php on line 318
[24-Jul-2026 23:42:08 UTC] PHP Warning:  foreach() argument must be of type array|object, bool given in C:\Users\meita\Local Sites\figma-tabs-task\app\public\wp-content\themes\figma-tabs-theme\blocks\tabs-section\mobile.php on line 318
[24-Jul-2026 23:42:08 UTC] PHP Warning:  foreach() argument must be of type array|object, bool given in C:\Users\meita\Local Sites\figma-tabs-task\app\public\wp-content\themes\figma-tabs-theme\blocks\tabs-section\mobile.php on line 318
[24-Jul-2026 23:42:08 UTC] PHP Warning:  foreach() argument must be of type array|object, bool given in C:\Users\meita\Local Sites\figma-tabs-task\app\public\wp-content\themes\figma-tabs-theme\blocks\tabs-section\mobile.php on line 318
[24-Jul-2026 23:42:08 UTC] PHP Warning:  foreach() argument must be of type array|object, bool given in C:\Users\meita\Local Sites\figma-tabs-task\app\public\wp-content\themes\figma-tabs-theme\blocks\tabs-section\mobile.php on line 318
[24-Jul-2026 23:42:08 UTC] PHP Warning:  foreach() argument must be of type array|object, bool given in C:\Users\meita\Local Sites\figma-tabs-task\app\public\wp-content\themes\figma-tabs-theme\blocks\tabs-section\mobile.php on line 318
[24-Jul-2026 23:42:08 UTC] PHP Warning:  foreach() argument must be of type array|object, bool given in C:\Users\meita\Local Sites\figma-tabs-task\app\public\wp-content\themes\figma-tabs-theme\blocks\tabs-section\mobile.php on line 318
[24-Jul-2026 23:42:30 UTC] PHP Warning:  foreach() argument must be of type array|object, bool given in C:\Users\meita\Local Sites\figma-tabs-task\app\public\wp-content\themes\figma-tabs-theme\blocks\tabs-section\mobile.php on line 318
[24-Jul-2026 23:42:30 UTC] PHP Warning:  foreach() argument must be of type array|object, bool given in C:\Users\meita\Local Sites\figma-tabs-task\app\public\wp-content\themes\figma-tabs-theme\blocks\tabs-section\mobile.php on line 318
[24-Jul-2026 23:42:30 UTC] PHP Warning:  foreach() argument must be of type array|object, bool given in C:\Users\meita\Local Sites\figma-tabs-task\app\public\wp-content\themes\figma-tabs-theme\blocks\tabs-section\mobile.php on line 318
[24-Jul-2026 23:42:30 UTC] PHP Warning:  foreach() argument must be of type array|object, bool given in C:\Users\meita\Local Sites\figma-tabs-task\app\public\wp-content\themes\figma-tabs-theme\blocks\tabs-section\mobile.php on line 318
[24-Jul-2026 23:42:30 UTC] PHP Warning:  foreach() argument must be of type array|object, bool given in C:\Users\meita\Local Sites\figma-tabs-task\app\public\wp-content\themes\figma-tabs-theme\blocks\tabs-section\mobile.php on line 318
[24-Jul-2026 23:42:30 UTC] PHP Warning:  foreach() argument must be of type array|object, bool given in C:\Users\meita\Local Sites\figma-tabs-task\app\public\wp-content\themes\figma-tabs-theme\blocks\tabs-section\mobile.php on line 318
[24-Jul-2026 23:42:30 UTC] PHP Warning:  foreach() argument must be of type array|object, bool given in C:\Users\meita\Local Sites\figma-tabs-task\app\public\wp-content\themes\figma-tabs-theme\blocks\tabs-section\mobile.php on line 318
[24-Jul-2026 23:42:30 UTC] PHP Warning:  foreach() argument must be of type array|object, bool given in C:\Users\meita\Local Sites\figma-tabs-task\app\public\wp-content\themes\figma-tabs-theme\blocks\tabs-section\mobile.php on line 318
[24-Jul-2026 23:42:48 UTC] PHP Warning:  foreach() argument must be of type array|object, bool given in C:\Users\meita\Local Sites\figma-tabs-task\app\public\wp-content\themes\figma-tabs-theme\blocks\tabs-section\mobile.php on line 318
[24-Jul-2026 23:42:48 UTC] PHP Warning:  foreach() argument must be of type array|object, bool given in C:\Users\meita\Local Sites\figma-tabs-task\app\public\wp-content\themes\figma-tabs-theme\blocks\tabs-section\mobile.php on line 318
[24-Jul-2026 23:42:48 UTC] PHP Warning:  foreach() argument must be of type array|object, bool given in C:\Users\meita\Local Sites\figma-tabs-task\app\public\wp-content\themes\figma-tabs-theme\blocks\tabs-section\mobile.php on line 318
[24-Jul-2026 23:42:48 UTC] PHP Warning:  foreach() argument must be of type array|object, bool given in C:\Users\meita\Local Sites\figma-tabs-task\app\public\wp-content\themes\figma-tabs-theme\blocks\tabs-section\mobile.php on line 318
[24-Jul-2026 23:42:49 UTC] PHP Warning:  foreach() argument must be of type array|object, bool given in C:\Users\meita\Local Sites\figma-tabs-task\app\public\wp-content\themes\figma-tabs-theme\blocks\tabs-section\mobile.php on line 318
[24-Jul-2026 23:42:49 UTC] PHP Warning:  foreach() argument must be of type array|object, bool given in C:\Users\meita\Local Sites\figma-tabs-task\app\public\wp-content\themes\figma-tabs-theme\blocks\tabs-section\mobile.php on line 318
[24-Jul-2026 23:42:49 UTC] PHP Warning:  foreach() argument must be of type array|object, bool given in C:\Users\meita\Local Sites\figma-tabs-task\app\public\wp-content\themes\figma-tabs-theme\blocks\tabs-section\mobile.php on line 318
[24-Jul-2026 23:42:49 UTC] PHP Warning:  foreach() argument must be of type array|object, bool given in C:\Users\meita\Local Sites\figma-tabs-task\app\public\wp-content\themes\figma-tabs-theme\blocks\tabs-section\mobile.php on line 318
[24-Jul-2026 23:43:12 UTC] PHP Warning:  foreach() argument must be of type array|object, bool given in C:\Users\meita\Local Sites\figma-tabs-task\app\public\wp-content\themes\figma-tabs-theme\blocks\tabs-section\mobile.php on line 318
[24-Jul-2026 23:43:12 UTC] PHP Warning:  foreach() argument must be of type array|object, bool given in C:\Users\meita\Local Sites\figma-tabs-task\app\public\wp-content\themes\figma-tabs-theme\blocks\tabs-section\mobile.php on line 318
[24-Jul-2026 23:43:12 UTC] PHP Warning:  foreach() argument must be of type array|object, bool given in C:\Users\meita\Local Sites\figma-tabs-task\app\public\wp-content\themes\figma-tabs-theme\blocks\tabs-section\mobile.php on line 318
[24-Jul-2026 23:43:12 UTC] PHP Warning:  foreach() argument must be of type array|object, bool given in C:\Users\meita\Local Sites\figma-tabs-task\app\public\wp-content\themes\figma-tabs-theme\blocks\tabs-section\mobile.php on line 318
[24-Jul-2026 23:43:12 UTC] PHP Warning:  foreach() argument must be of type array|object, bool given in C:\Users\meita\Local Sites\figma-tabs-task\app\public\wp-content\themes\figma-tabs-theme\blocks\tabs-section\mobile.php on line 318
[24-Jul-2026 23:43:12 UTC] PHP Warning:  foreach() argument must be of type array|object, bool given in C:\Users\meita\Local Sites\figma-tabs-task\app\public\wp-content\themes\figma-tabs-theme\blocks\tabs-section\mobile.php on line 318
[24-Jul-2026 23:43:12 UTC] PHP Warning:  foreach() argument must be of type array|object, bool given in C:\Users\meita\Local Sites\figma-tabs-task\app\public\wp-content\themes\figma-tabs-theme\blocks\tabs-section\mobile.php on line 318
[24-Jul-2026 23:43:12 UTC] PHP Warning:  foreach() argument must be of type array|object, bool given in C:\Users\meita\Local Sites\figma-tabs-task\app\public\wp-content\themes\figma-tabs-theme\blocks\tabs-section\mobile.php on line 318
[24-Jul-2026 23:43:55 UTC] PHP Warning:  foreach() argument must be of type array|object, bool given in C:\Users\meita\Local Sites\figma-tabs-task\app\public\wp-content\themes\figma-tabs-theme\blocks\tabs-section\mobile.php on line 318
[24-Jul-2026 23:43:55 UTC] PHP Warning:  foreach() argument must be of type array|object, bool given in C:\Users\meita\Local Sites\figma-tabs-task\app\public\wp-content\themes\figma-tabs-theme\blocks\tabs-section\mobile.php on line 318
[24-Jul-2026 23:43:55 UTC] PHP Warning:  foreach() argument must be of type array|object, bool given in C:\Users\meita\Local Sites\figma-tabs-task\app\public\wp-content\themes\figma-tabs-theme\blocks\tabs-section\mobile.php on line 318
[24-Jul-2026 23:43:55 UTC] PHP Warning:  foreach() argument must be of type array|object, bool given in C:\Users\meita\Local Sites\figma-tabs-task\app\public\wp-content\themes\figma-tabs-theme\blocks\tabs-section\mobile.php on line 318
[24-Jul-2026 23:43:56 UTC] PHP Warning:  foreach() argument must be of type array|object, bool given in C:\Users\meita\Local Sites\figma-tabs-task\app\public\wp-content\themes\figma-tabs-theme\blocks\tabs-section\mobile.php on line 318
[24-Jul-2026 23:43:56 UTC] PHP Warning:  foreach() argument must be of type array|object, bool given in C:\Users\meita\Local Sites\figma-tabs-task\app\public\wp-content\themes\figma-tabs-theme\blocks\tabs-section\mobile.php on line 318
[24-Jul-2026 23:43:56 UTC] PHP Warning:  foreach() argument must be of type array|object, bool given in C:\Users\meita\Local Sites\figma-tabs-task\app\public\wp-content\themes\figma-tabs-theme\blocks\tabs-section\mobile.php on line 318
[24-Jul-2026 23:43:56 UTC] PHP Warning:  foreach() argument must be of type array|object, bool given in C:\Users\meita\Local Sites\figma-tabs-task\app\public\wp-content\themes\figma-tabs-theme\blocks\tabs-section\mobile.php on line 318
[24-Jul-2026 23:45:42 UTC] PHP Warning:  foreach() argument must be of type array|object, bool given in C:\Users\meita\Local Sites\figma-tabs-task\app\public\wp-content\themes\figma-tabs-theme\blocks\tabs-section\mobile.php on line 318
[24-Jul-2026 23:45:42 UTC] PHP Warning:  foreach() argument must be of type array|object, bool given in C:\Users\meita\Local Sites\figma-tabs-task\app\public\wp-content\themes\figma-tabs-theme\blocks\tabs-section\mobile.php on line 318
[24-Jul-2026 23:45:42 UTC] PHP Warning:  foreach() argument must be of type array|object, bool given in C:\Users\meita\Local Sites\figma-tabs-task\app\public\wp-content\themes\figma-tabs-theme\blocks\tabs-section\mobile.php on line 318
[24-Jul-2026 23:45:42 UTC] PHP Warning:  foreach() argument must be of type array|object, bool given in C:\Users\meita\Local Sites\figma-tabs-task\app\public\wp-content\themes\figma-tabs-theme\blocks\tabs-section\mobile.php on line 318
[24-Jul-2026 23:45:42 UTC] PHP Warning:  foreach() argument must be of type array|object, bool given in C:\Users\meita\Local Sites\figma-tabs-task\app\public\wp-content\themes\figma-tabs-theme\blocks\tabs-section\mobile.php on line 318
[24-Jul-2026 23:45:42 UTC] PHP Warning:  foreach() argument must be of type array|object, bool given in C:\Users\meita\Local Sites\figma-tabs-task\app\public\wp-content\themes\figma-tabs-theme\blocks\tabs-section\mobile.php on line 318
[24-Jul-2026 23:45:42 UTC] PHP Warning:  foreach() argument must be of type array|object, bool given in C:\Users\meita\Local Sites\figma-tabs-task\app\public\wp-content\themes\figma-tabs-theme\blocks\tabs-section\mobile.php on line 318
[24-Jul-2026 23:45:42 UTC] PHP Warning:  foreach() argument must be of type array|object, bool given in C:\Users\meita\Local Sites\figma-tabs-task\app\public\wp-content\themes\figma-tabs-theme\blocks\tabs-section\mobile.php on line 318
[24-Jul-2026 23:46:06 UTC] PHP Warning:  foreach() argument must be of type array|object, bool given in C:\Users\meita\Local Sites\figma-tabs-task\app\public\wp-content\themes\figma-tabs-theme\blocks\tabs-section\mobile.php on line 318
[24-Jul-2026 23:46:06 UTC] PHP Warning:  foreach() argument must be of type array|object, bool given in C:\Users\meita\Local Sites\figma-tabs-task\app\public\wp-content\themes\figma-tabs-theme\blocks\tabs-section\mobile.php on line 318
[24-Jul-2026 23:46:06 UTC] PHP Warning:  foreach() argument must be of type array|object, bool given in C:\Users\meita\Local Sites\figma-tabs-task\app\public\wp-content\themes\figma-tabs-theme\blocks\tabs-section\mobile.php on line 318
[24-Jul-2026 23:46:06 UTC] PHP Warning:  foreach() argument must be of type array|object, bool given in C:\Users\meita\Local Sites\figma-tabs-task\app\public\wp-content\themes\figma-tabs-theme\blocks\tabs-section\mobile.php on line 318
[24-Jul-2026 23:46:06 UTC] PHP Warning:  foreach() argument must be of type array|object, bool given in C:\Users\meita\Local Sites\figma-tabs-task\app\public\wp-content\themes\figma-tabs-theme\blocks\tabs-section\mobile.php on line 318
[24-Jul-2026 23:46:06 UTC] PHP Warning:  foreach() argument must be of type array|object, bool given in C:\Users\meita\Local Sites\figma-tabs-task\app\public\wp-content\themes\figma-tabs-theme\blocks\tabs-section\mobile.php on line 318
[24-Jul-2026 23:46:06 UTC] PHP Warning:  foreach() argument must be of type array|object, bool given in C:\Users\meita\Local Sites\figma-tabs-task\app\public\wp-content\themes\figma-tabs-theme\blocks\tabs-section\mobile.php on line 318
[24-Jul-2026 23:46:06 UTC] PHP Warning:  foreach() argument must be of type array|object, bool given in C:\Users\meita\Local Sites\figma-tabs-task\app\public\wp-content\themes\figma-tabs-theme\blocks\tabs-section\mobile.php on line 318
[24-Jul-2026 23:46:24 UTC] PHP Warning:  foreach() argument must be of type array|object, bool given in C:\Users\meita\Local Sites\figma-tabs-task\app\public\wp-content\themes\figma-tabs-theme\blocks\tabs-section\mobile.php on line 318
[24-Jul-2026 23:46:24 UTC] PHP Warning:  foreach() argument must be of type array|object, bool given in C:\Users\meita\Local Sites\figma-tabs-task\app\public\wp-content\themes\figma-tabs-theme\blocks\tabs-section\mobile.php on line 318
[24-Jul-2026 23:46:24 UTC] PHP Warning:  foreach() argument must be of type array|object, bool given in C:\Users\meita\Local Sites\figma-tabs-task\app\public\wp-content\themes\figma-tabs-theme\blocks\tabs-section\mobile.php on line 318
[24-Jul-2026 23:46:24 UTC] PHP Warning:  foreach() argument must be of type array|object, bool given in C:\Users\meita\Local Sites\figma-tabs-task\app\public\wp-content\themes\figma-tabs-theme\blocks\tabs-section\mobile.php on line 318
[24-Jul-2026 23:46:24 UTC] PHP Warning:  foreach() argument must be of type array|object, bool given in C:\Users\meita\Local Sites\figma-tabs-task\app\public\wp-content\themes\figma-tabs-theme\blocks\tabs-section\mobile.php on line 318
[24-Jul-2026 23:46:24 UTC] PHP Warning:  foreach() argument must be of type array|object, bool given in C:\Users\meita\Local Sites\figma-tabs-task\app\public\wp-content\themes\figma-tabs-theme\blocks\tabs-section\mobile.php on line 318
[24-Jul-2026 23:46:24 UTC] PHP Warning:  foreach() argument must be of type array|object, bool given in C:\Users\meita\Local Sites\figma-tabs-task\app\public\wp-content\themes\figma-tabs-theme\blocks\tabs-section\mobile.php on line 318
[24-Jul-2026 23:46:24 UTC] PHP Warning:  foreach() argument must be of type array|object, bool given in C:\Users\meita\Local Sites\figma-tabs-task\app\public\wp-content\themes\figma-tabs-theme\blocks\tabs-section\mobile.php on line 318
[24-Jul-2026 23:46:44 UTC] PHP Warning:  foreach() argument must be of type array|object, bool given in C:\Users\meita\Local Sites\figma-tabs-task\app\public\wp-content\themes\figma-tabs-theme\blocks\tabs-section\mobile.php on line 318
[24-Jul-2026 23:46:44 UTC] PHP Warning:  foreach() argument must be of type array|object, bool given in C:\Users\meita\Local Sites\figma-tabs-task\app\public\wp-content\themes\figma-tabs-theme\blocks\tabs-section\mobile.php on line 318
[24-Jul-2026 23:46:44 UTC] PHP Warning:  foreach() argument must be of type array|object, bool given in C:\Users\meita\Local Sites\figma-tabs-task\app\public\wp-content\themes\figma-tabs-theme\blocks\tabs-section\mobile.php on line 318
[24-Jul-2026 23:46:44 UTC] PHP Warning:  foreach() argument must be of type array|object, bool given in C:\Users\meita\Local Sites\figma-tabs-task\app\public\wp-content\themes\figma-tabs-theme\blocks\tabs-section\mobile.php on line 318
[24-Jul-2026 23:46:44 UTC] PHP Warning:  foreach() argument must be of type array|object, bool given in C:\Users\meita\Local Sites\figma-tabs-task\app\public\wp-content\themes\figma-tabs-theme\blocks\tabs-section\mobile.php on line 318
[24-Jul-2026 23:46:44 UTC] PHP Warning:  foreach() argument must be of type array|object, bool given in C:\Users\meita\Local Sites\figma-tabs-task\app\public\wp-content\themes\figma-tabs-theme\blocks\tabs-section\mobile.php on line 318
[24-Jul-2026 23:46:44 UTC] PHP Warning:  foreach() argument must be of type array|object, bool given in C:\Users\meita\Local Sites\figma-tabs-task\app\public\wp-content\themes\figma-tabs-theme\blocks\tabs-section\mobile.php on line 318
[24-Jul-2026 23:46:44 UTC] PHP Warning:  foreach() argument must be of type array|object, bool given in C:\Users\meita\Local Sites\figma-tabs-task\app\public\wp-content\themes\figma-tabs-theme\blocks\tabs-section\mobile.php on line 318
[24-Jul-2026 23:47:07 UTC] PHP Warning:  foreach() argument must be of type array|object, bool given in C:\Users\meita\Local Sites\figma-tabs-task\app\public\wp-content\themes\figma-tabs-theme\blocks\tabs-section\mobile.php on line 318
[24-Jul-2026 23:47:07 UTC] PHP Warning:  foreach() argument must be of type array|object, bool given in C:\Users\meita\Local Sites\figma-tabs-task\app\public\wp-content\themes\figma-tabs-theme\blocks\tabs-section\mobile.php on line 318
[24-Jul-2026 23:47:07 UTC] PHP Warning:  foreach() argument must be of type array|object, bool given in C:\Users\meita\Local Sites\figma-tabs-task\app\public\wp-content\themes\figma-tabs-theme\blocks\tabs-section\mobile.php on line 318
[24-Jul-2026 23:47:07 UTC] PHP Warning:  foreach() argument must be of type array|object, bool given in C:\Users\meita\Local Sites\figma-tabs-task\app\public\wp-content\themes\figma-tabs-theme\blocks\tabs-section\mobile.php on line 318
[24-Jul-2026 23:47:07 UTC] PHP Warning:  foreach() argument must be of type array|object, bool given in C:\Users\meita\Local Sites\figma-tabs-task\app\public\wp-content\themes\figma-tabs-theme\blocks\tabs-section\mobile.php on line 318
[24-Jul-2026 23:47:07 UTC] PHP Warning:  foreach() argument must be of type array|object, bool given in C:\Users\meita\Local Sites\figma-tabs-task\app\public\wp-content\themes\figma-tabs-theme\blocks\tabs-section\mobile.php on line 318
[24-Jul-2026 23:47:07 UTC] PHP Warning:  foreach() argument must be of type array|object, bool given in C:\Users\meita\Local Sites\figma-tabs-task\app\public\wp-content\themes\figma-tabs-theme\blocks\tabs-section\mobile.php on line 318
[24-Jul-2026 23:47:07 UTC] PHP Warning:  foreach() argument must be of type array|object, bool given in C:\Users\meita\Local Sites\figma-tabs-task\app\public\wp-content\themes\figma-tabs-theme\blocks\tabs-section\mobile.php on line 318
[24-Jul-2026 23:47:32 UTC] PHP Warning:  foreach() argument must be of type array|object, bool given in C:\Users\meita\Local Sites\figma-tabs-task\app\public\wp-content\themes\figma-tabs-theme\blocks\tabs-section\mobile.php on line 318
[24-Jul-2026 23:47:32 UTC] PHP Warning:  foreach() argument must be of type array|object, bool given in C:\Users\meita\Local Sites\figma-tabs-task\app\public\wp-content\themes\figma-tabs-theme\blocks\tabs-section\mobile.php on line 318
[24-Jul-2026 23:47:32 UTC] PHP Warning:  foreach() argument must be of type array|object, bool given in C:\Users\meita\Local Sites\figma-tabs-task\app\public\wp-content\themes\figma-tabs-theme\blocks\tabs-section\mobile.php on line 318
[24-Jul-2026 23:47:32 UTC] PHP Warning:  foreach() argument must be of type array|object, bool given in C:\Users\meita\Local Sites\figma-tabs-task\app\public\wp-content\themes\figma-tabs-theme\blocks\tabs-section\mobile.php on line 318
[24-Jul-2026 23:47:32 UTC] PHP Warning:  foreach() argument must be of type array|object, bool given in C:\Users\meita\Local Sites\figma-tabs-task\app\public\wp-content\themes\figma-tabs-theme\blocks\tabs-section\mobile.php on line 318
[24-Jul-2026 23:47:32 UTC] PHP Warning:  foreach() argument must be of type array|object, bool given in C:\Users\meita\Local Sites\figma-tabs-task\app\public\wp-content\themes\figma-tabs-theme\blocks\tabs-section\mobile.php on line 318
[24-Jul-2026 23:47:32 UTC] PHP Warning:  foreach() argument must be of type array|object, bool given in C:\Users\meita\Local Sites\figma-tabs-task\app\public\wp-content\themes\figma-tabs-theme\blocks\tabs-section\mobile.php on line 318
[24-Jul-2026 23:47:32 UTC] PHP Warning:  foreach() argument must be of type array|object, bool given in C:\Users\meita\Local Sites\figma-tabs-task\app\public\wp-content\themes\figma-tabs-theme\blocks\tabs-section\mobile.php on line 318
[24-Jul-2026 23:48:10 UTC] PHP Warning:  foreach() argument must be of type array|object, bool given in C:\Users\meita\Local Sites\figma-tabs-task\app\public\wp-content\themes\figma-tabs-theme\blocks\tabs-section\mobile.php on line 318
[24-Jul-2026 23:48:10 UTC] PHP Warning:  foreach() argument must be of type array|object, bool given in C:\Users\meita\Local Sites\figma-tabs-task\app\public\wp-content\themes\figma-tabs-theme\blocks\tabs-section\mobile.php on line 318
[24-Jul-2026 23:48:10 UTC] PHP Warning:  foreach() argument must be of type array|object, bool given in C:\Users\meita\Local Sites\figma-tabs-task\app\public\wp-content\themes\figma-tabs-theme\blocks\tabs-section\mobile.php on line 318
[24-Jul-2026 23:48:10 UTC] PHP Warning:  foreach() argument must be of type array|object, bool given in C:\Users\meita\Local Sites\figma-tabs-task\app\public\wp-content\themes\figma-tabs-theme\blocks\tabs-section\mobile.php on line 318
[24-Jul-2026 23:48:10 UTC] PHP Warning:  foreach() argument must be of type array|object, bool given in C:\Users\meita\Local Sites\figma-tabs-task\app\public\wp-content\themes\figma-tabs-theme\blocks\tabs-section\mobile.php on line 318
[24-Jul-2026 23:48:10 UTC] PHP Warning:  foreach() argument must be of type array|object, bool given in C:\Users\meita\Local Sites\figma-tabs-task\app\public\wp-content\themes\figma-tabs-theme\blocks\tabs-section\mobile.php on line 318
[24-Jul-2026 23:48:10 UTC] PHP Warning:  foreach() argument must be of type array|object, bool given in C:\Users\meita\Local Sites\figma-tabs-task\app\public\wp-content\themes\figma-tabs-theme\blocks\tabs-section\mobile.php on line 318
[24-Jul-2026 23:48:10 UTC] PHP Warning:  foreach() argument must be of type array|object, bool given in C:\Users\meita\Local Sites\figma-tabs-task\app\public\wp-content\themes\figma-tabs-theme\blocks\tabs-section\mobile.php on line 318
[24-Jul-2026 23:48:21 UTC] PHP Warning:  foreach() argument must be of type array|object, bool given in C:\Users\meita\Local Sites\figma-tabs-task\app\public\wp-content\themes\figma-tabs-theme\blocks\tabs-section\mobile.php on line 318
[24-Jul-2026 23:48:21 UTC] PHP Warning:  foreach() argument must be of type array|object, bool given in C:\Users\meita\Local Sites\figma-tabs-task\app\public\wp-content\themes\figma-tabs-theme\blocks\tabs-section\mobile.php on line 318
[24-Jul-2026 23:48:21 UTC] PHP Warning:  foreach() argument must be of type array|object, bool given in C:\Users\meita\Local Sites\figma-tabs-task\app\public\wp-content\themes\figma-tabs-theme\blocks\tabs-section\mobile.php on line 318
[24-Jul-2026 23:48:21 UTC] PHP Warning:  foreach() argument must be of type array|object, bool given in C:\Users\meita\Local Sites\figma-tabs-task\app\public\wp-content\themes\figma-tabs-theme\blocks\tabs-section\mobile.php on line 318
[24-Jul-2026 23:48:22 UTC] PHP Warning:  foreach() argument must be of type array|object, bool given in C:\Users\meita\Local Sites\figma-tabs-task\app\public\wp-content\themes\figma-tabs-theme\blocks\tabs-section\mobile.php on line 318
[24-Jul-2026 23:48:22 UTC] PHP Warning:  foreach() argument must be of type array|object, bool given in C:\Users\meita\Local Sites\figma-tabs-task\app\public\wp-content\themes\figma-tabs-theme\blocks\tabs-section\mobile.php on line 318
[24-Jul-2026 23:48:22 UTC] PHP Warning:  foreach() argument must be of type array|object, bool given in C:\Users\meita\Local Sites\figma-tabs-task\app\public\wp-content\themes\figma-tabs-theme\blocks\tabs-section\mobile.php on line 318
[24-Jul-2026 23:48:22 UTC] PHP Warning:  foreach() argument must be of type array|object, bool given in C:\Users\meita\Local Sites\figma-tabs-task\app\public\wp-content\themes\figma-tabs-theme\blocks\tabs-section\mobile.php on line 318
[24-Jul-2026 23:49:01 UTC] PHP Warning:  foreach() argument must be of type array|object, bool given in C:\Users\meita\Local Sites\figma-tabs-task\app\public\wp-content\themes\figma-tabs-theme\blocks\tabs-section\mobile.php on line 318
[24-Jul-2026 23:49:01 UTC] PHP Warning:  foreach() argument must be of type array|object, bool given in C:\Users\meita\Local Sites\figma-tabs-task\app\public\wp-content\themes\figma-tabs-theme\blocks\tabs-section\mobile.php on line 318
[24-Jul-2026 23:49:01 UTC] PHP Warning:  foreach() argument must be of type array|object, bool given in C:\Users\meita\Local Sites\figma-tabs-task\app\public\wp-content\themes\figma-tabs-theme\blocks\tabs-section\mobile.php on line 318
[24-Jul-2026 23:49:01 UTC] PHP Warning:  foreach() argument must be of type array|object, bool given in C:\Users\meita\Local Sites\figma-tabs-task\app\public\wp-content\themes\figma-tabs-theme\blocks\tabs-section\mobile.php on line 318
[24-Jul-2026 23:49:01 UTC] PHP Warning:  foreach() argument must be of type array|object, bool given in C:\Users\meita\Local Sites\figma-tabs-task\app\public\wp-content\themes\figma-tabs-theme\blocks\tabs-section\mobile.php on line 318
[24-Jul-2026 23:49:01 UTC] PHP Warning:  foreach() argument must be of type array|object, bool given in C:\Users\meita\Local Sites\figma-tabs-task\app\public\wp-content\themes\figma-tabs-theme\blocks\tabs-section\mobile.php on line 318
[24-Jul-2026 23:49:01 UTC] PHP Warning:  foreach() argument must be of type array|object, bool given in C:\Users\meita\Local Sites\figma-tabs-task\app\public\wp-content\themes\figma-tabs-theme\blocks\tabs-section\mobile.php on line 318
[24-Jul-2026 23:49:01 UTC] PHP Warning:  foreach() argument must be of type array|object, bool given in C:\Users\meita\Local Sites\figma-tabs-task\app\public\wp-content\themes\figma-tabs-theme\blocks\tabs-section\mobile.php on line 318
[24-Jul-2026 23:49:14 UTC] PHP Warning:  foreach() argument must be of type array|object, bool given in C:\Users\meita\Local Sites\figma-tabs-task\app\public\wp-content\themes\figma-tabs-theme\blocks\tabs-section\mobile.php on line 318
[24-Jul-2026 23:49:14 UTC] PHP Warning:  foreach() argument must be of type array|object, bool given in C:\Users\meita\Local Sites\figma-tabs-task\app\public\wp-content\themes\figma-tabs-theme\blocks\tabs-section\mobile.php on line 318
[24-Jul-2026 23:49:14 UTC] PHP Warning:  foreach() argument must be of type array|object, bool given in C:\Users\meita\Local Sites\figma-tabs-task\app\public\wp-content\themes\figma-tabs-theme\blocks\tabs-section\mobile.php on line 318
[24-Jul-2026 23:49:14 UTC] PHP Warning:  foreach() argument must be of type array|object, bool given in C:\Users\meita\Local Sites\figma-tabs-task\app\public\wp-content\themes\figma-tabs-theme\blocks\tabs-section\mobile.php on line 318
[24-Jul-2026 23:49:14 UTC] PHP Warning:  foreach() argument must be of type array|object, bool given in C:\Users\meita\Local Sites\figma-tabs-task\app\public\wp-content\themes\figma-tabs-theme\blocks\tabs-section\mobile.php on line 318
[24-Jul-2026 23:49:14 UTC] PHP Warning:  foreach() argument must be of type array|object, bool given in C:\Users\meita\Local Sites\figma-tabs-task\app\public\wp-content\themes\figma-tabs-theme\blocks\tabs-section\mobile.php on line 318
[24-Jul-2026 23:49:14 UTC] PHP Warning:  foreach() argument must be of type array|object, bool given in C:\Users\meita\Local Sites\figma-tabs-task\app\public\wp-content\themes\figma-tabs-theme\blocks\tabs-section\mobile.php on line 318
[24-Jul-2026 23:49:14 UTC] PHP Warning:  foreach() argument must be of type array|object, bool given in C:\Users\meita\Local Sites\figma-tabs-task\app\public\wp-content\themes\figma-tabs-theme\blocks\tabs-section\mobile.php on line 318
[24-Jul-2026 23:49:35 UTC] PHP Warning:  foreach() argument must be of type array|object, bool given in C:\Users\meita\Local Sites\figma-tabs-task\app\public\wp-content\themes\figma-tabs-theme\blocks\tabs-section\mobile.php on line 318
[24-Jul-2026 23:49:35 UTC] PHP Warning:  foreach() argument must be of type array|object, bool given in C:\Users\meita\Local Sites\figma-tabs-task\app\public\wp-content\themes\figma-tabs-theme\blocks\tabs-section\mobile.php on line 318
[24-Jul-2026 23:49:35 UTC] PHP Warning:  foreach() argument must be of type array|object, bool given in C:\Users\meita\Local Sites\figma-tabs-task\app\public\wp-content\themes\figma-tabs-theme\blocks\tabs-section\mobile.php on line 318
[24-Jul-2026 23:49:35 UTC] PHP Warning:  foreach() argument must be of type array|object, bool given in C:\Users\meita\Local Sites\figma-tabs-task\app\public\wp-content\themes\figma-tabs-theme\blocks\tabs-section\mobile.php on line 318
[24-Jul-2026 23:49:35 UTC] PHP Warning:  foreach() argument must be of type array|object, bool given in C:\Users\meita\Local Sites\figma-tabs-task\app\public\wp-content\themes\figma-tabs-theme\blocks\tabs-section\mobile.php on line 318
[24-Jul-2026 23:49:35 UTC] PHP Warning:  foreach() argument must be of type array|object, bool given in C:\Users\meita\Local Sites\figma-tabs-task\app\public\wp-content\themes\figma-tabs-theme\blocks\tabs-section\mobile.php on line 318
[24-Jul-2026 23:49:35 UTC] PHP Warning:  foreach() argument must be of type array|object, bool given in C:\Users\meita\Local Sites\figma-tabs-task\app\public\wp-content\themes\figma-tabs-theme\blocks\tabs-section\mobile.php on line 318
[24-Jul-2026 23:49:35 UTC] PHP Warning:  foreach() argument must be of type array|object, bool given in C:\Users\meita\Local Sites\figma-tabs-task\app\public\wp-content\themes\figma-tabs-theme\blocks\tabs-section\mobile.php on line 318
[24-Jul-2026 23:49:54 UTC] PHP Warning:  foreach() argument must be of type array|object, bool given in C:\Users\meita\Local Sites\figma-tabs-task\app\public\wp-content\themes\figma-tabs-theme\blocks\tabs-section\mobile.php on line 318
[24-Jul-2026 23:49:54 UTC] PHP Warning:  foreach() argument must be of type array|object, bool given in C:\Users\meita\Local Sites\figma-tabs-task\app\public\wp-content\themes\figma-tabs-theme\blocks\tabs-section\mobile.php on line 318
[24-Jul-2026 23:49:54 UTC] PHP Warning:  foreach() argument must be of type array|object, bool given in C:\Users\meita\Local Sites\figma-tabs-task\app\public\wp-content\themes\figma-tabs-theme\blocks\tabs-section\mobile.php on line 318
[24-Jul-2026 23:49:54 UTC] PHP Warning:  foreach() argument must be of type array|object, bool given in C:\Users\meita\Local Sites\figma-tabs-task\app\public\wp-content\themes\figma-tabs-theme\blocks\tabs-section\mobile.php on line 318
[24-Jul-2026 23:49:55 UTC] PHP Warning:  foreach() argument must be of type array|object, bool given in C:\Users\meita\Local Sites\figma-tabs-task\app\public\wp-content\themes\figma-tabs-theme\blocks\tabs-section\mobile.php on line 318
[24-Jul-2026 23:49:55 UTC] PHP Warning:  foreach() argument must be of type array|object, bool given in C:\Users\meita\Local Sites\figma-tabs-task\app\public\wp-content\themes\figma-tabs-theme\blocks\tabs-section\mobile.php on line 318
[24-Jul-2026 23:49:55 UTC] PHP Warning:  foreach() argument must be of type array|object, bool given in C:\Users\meita\Local Sites\figma-tabs-task\app\public\wp-content\themes\figma-tabs-theme\blocks\tabs-section\mobile.php on line 318
[24-Jul-2026 23:49:55 UTC] PHP Warning:  foreach() argument must be of type array|object, bool given in C:\Users\meita\Local Sites\figma-tabs-task\app\public\wp-content\themes\figma-tabs-theme\blocks\tabs-section\mobile.php on line 318
[24-Jul-2026 23:50:37 UTC] PHP Warning:  foreach() argument must be of type array|object, bool given in C:\Users\meita\Local Sites\figma-tabs-task\app\public\wp-content\themes\figma-tabs-theme\blocks\tabs-section\mobile.php on line 318
[24-Jul-2026 23:50:37 UTC] PHP Warning:  foreach() argument must be of type array|object, bool given in C:\Users\meita\Local Sites\figma-tabs-task\app\public\wp-content\themes\figma-tabs-theme\blocks\tabs-section\mobile.php on line 318
[24-Jul-2026 23:50:37 UTC] PHP Warning:  foreach() argument must be of type array|object, bool given in C:\Users\meita\Local Sites\figma-tabs-task\app\public\wp-content\themes\figma-tabs-theme\blocks\tabs-section\mobile.php on line 318
[24-Jul-2026 23:50:37 UTC] PHP Warning:  foreach() argument must be of type array|object, bool given in C:\Users\meita\Local Sites\figma-tabs-task\app\public\wp-content\themes\figma-tabs-theme\blocks\tabs-section\mobile.php on line 318
[24-Jul-2026 23:50:38 UTC] PHP Warning:  foreach() argument must be of type array|object, bool given in C:\Users\meita\Local Sites\figma-tabs-task\app\public\wp-content\themes\figma-tabs-theme\blocks\tabs-section\mobile.php on line 318
[24-Jul-2026 23:50:38 UTC] PHP Warning:  foreach() argument must be of type array|object, bool given in C:\Users\meita\Local Sites\figma-tabs-task\app\public\wp-content\themes\figma-tabs-theme\blocks\tabs-section\mobile.php on line 318
[24-Jul-2026 23:50:38 UTC] PHP Warning:  foreach() argument must be of type array|object, bool given in C:\Users\meita\Local Sites\figma-tabs-task\app\public\wp-content\themes\figma-tabs-theme\blocks\tabs-section\mobile.php on line 318
[24-Jul-2026 23:50:38 UTC] PHP Warning:  foreach() argument must be of type array|object, bool given in C:\Users\meita\Local Sites\figma-tabs-task\app\public\wp-content\themes\figma-tabs-theme\blocks\tabs-section\mobile.php on line 318
[24-Jul-2026 23:50:47 UTC] PHP Warning:  foreach() argument must be of type array|object, bool given in C:\Users\meita\Local Sites\figma-tabs-task\app\public\wp-content\themes\figma-tabs-theme\blocks\tabs-section\mobile.php on line 318
[24-Jul-2026 23:50:47 UTC] PHP Warning:  foreach() argument must be of type array|object, bool given in C:\Users\meita\Local Sites\figma-tabs-task\app\public\wp-content\themes\figma-tabs-theme\blocks\tabs-section\mobile.php on line 318
[24-Jul-2026 23:50:47 UTC] PHP Warning:  foreach() argument must be of type array|object, bool given in C:\Users\meita\Local Sites\figma-tabs-task\app\public\wp-content\themes\figma-tabs-theme\blocks\tabs-section\mobile.php on line 318
[24-Jul-2026 23:50:47 UTC] PHP Warning:  foreach() argument must be of type array|object, bool given in C:\Users\meita\Local Sites\figma-tabs-task\app\public\wp-content\themes\figma-tabs-theme\blocks\tabs-section\mobile.php on line 318
[24-Jul-2026 23:50:47 UTC] PHP Warning:  foreach() argument must be of type array|object, bool given in C:\Users\meita\Local Sites\figma-tabs-task\app\public\wp-content\themes\figma-tabs-theme\blocks\tabs-section\mobile.php on line 318
[24-Jul-2026 23:50:47 UTC] PHP Warning:  foreach() argument must be of type array|object, bool given in C:\Users\meita\Local Sites\figma-tabs-task\app\public\wp-content\themes\figma-tabs-theme\blocks\tabs-section\mobile.php on line 318
[24-Jul-2026 23:50:47 UTC] PHP Warning:  foreach() argument must be of type array|object, bool given in C:\Users\meita\Local Sites\figma-tabs-task\app\public\wp-content\themes\figma-tabs-theme\blocks\tabs-section\mobile.php on line 318
[24-Jul-2026 23:50:47 UTC] PHP Warning:  foreach() argument must be of type array|object, bool given in C:\Users\meita\Local Sites\figma-tabs-task\app\public\wp-content\themes\figma-tabs-theme\blocks\tabs-section\mobile.php on line 318
[24-Jul-2026 23:51:48 UTC] PHP Warning:  foreach() argument must be of type array|object, bool given in C:\Users\meita\Local Sites\figma-tabs-task\app\public\wp-content\themes\figma-tabs-theme\blocks\tabs-section\mobile.php on line 318
[24-Jul-2026 23:51:48 UTC] PHP Warning:  foreach() argument must be of type array|object, bool given in C:\Users\meita\Local Sites\figma-tabs-task\app\public\wp-content\themes\figma-tabs-theme\blocks\tabs-section\mobile.php on line 318
[24-Jul-2026 23:51:48 UTC] PHP Warning:  foreach() argument must be of type array|object, bool given in C:\Users\meita\Local Sites\figma-tabs-task\app\public\wp-content\themes\figma-tabs-theme\blocks\tabs-section\mobile.php on line 318
[24-Jul-2026 23:51:48 UTC] PHP Warning:  foreach() argument must be of type array|object, bool given in C:\Users\meita\Local Sites\figma-tabs-task\app\public\wp-content\themes\figma-tabs-theme\blocks\tabs-section\mobile.php on line 318
[24-Jul-2026 23:51:49 UTC] PHP Warning:  foreach() argument must be of type array|object, bool given in C:\Users\meita\Local Sites\figma-tabs-task\app\public\wp-content\themes\figma-tabs-theme\blocks\tabs-section\mobile.php on line 318
[24-Jul-2026 23:51:49 UTC] PHP Warning:  foreach() argument must be of type array|object, bool given in C:\Users\meita\Local Sites\figma-tabs-task\app\public\wp-content\themes\figma-tabs-theme\blocks\tabs-section\mobile.php on line 318
[24-Jul-2026 23:51:49 UTC] PHP Warning:  foreach() argument must be of type array|object, bool given in C:\Users\meita\Local Sites\figma-tabs-task\app\public\wp-content\themes\figma-tabs-theme\blocks\tabs-section\mobile.php on line 318
[24-Jul-2026 23:51:49 UTC] PHP Warning:  foreach() argument must be of type array|object, bool given in C:\Users\meita\Local Sites\figma-tabs-task\app\public\wp-content\themes\figma-tabs-theme\blocks\tabs-section\mobile.php on line 318
[24-Jul-2026 23:52:15 UTC] PHP Warning:  foreach() argument must be of type array|object, bool given in C:\Users\meita\Local Sites\figma-tabs-task\app\public\wp-content\themes\figma-tabs-theme\blocks\tabs-section\mobile.php on line 318
[24-Jul-2026 23:52:15 UTC] PHP Warning:  foreach() argument must be of type array|object, bool given in C:\Users\meita\Local Sites\figma-tabs-task\app\public\wp-content\themes\figma-tabs-theme\blocks\tabs-section\mobile.php on line 318
[24-Jul-2026 23:52:15 UTC] PHP Warning:  foreach() argument must be of type array|object, bool given in C:\Users\meita\Local Sites\figma-tabs-task\app\public\wp-content\themes\figma-tabs-theme\blocks\tabs-section\mobile.php on line 318
[24-Jul-2026 23:52:15 UTC] PHP Warning:  foreach() argument must be of type array|object, bool given in C:\Users\meita\Local Sites\figma-tabs-task\app\public\wp-content\themes\figma-tabs-theme\blocks\tabs-section\mobile.php on line 318
[24-Jul-2026 23:52:16 UTC] PHP Warning:  foreach() argument must be of type array|object, bool given in C:\Users\meita\Local Sites\figma-tabs-task\app\public\wp-content\themes\figma-tabs-theme\blocks\tabs-section\mobile.php on line 318
[24-Jul-2026 23:52:16 UTC] PHP Warning:  foreach() argument must be of type array|object, bool given in C:\Users\meita\Local Sites\figma-tabs-task\app\public\wp-content\themes\figma-tabs-theme\blocks\tabs-section\mobile.php on line 318
[24-Jul-2026 23:52:16 UTC] PHP Warning:  foreach() argument must be of type array|object, bool given in C:\Users\meita\Local Sites\figma-tabs-task\app\public\wp-content\themes\figma-tabs-theme\blocks\tabs-section\mobile.php on line 318
[24-Jul-2026 23:52:16 UTC] PHP Warning:  foreach() argument must be of type array|object, bool given in C:\Users\meita\Local Sites\figma-tabs-task\app\public\wp-content\themes\figma-tabs-theme\blocks\tabs-section\mobile.php on line 318
[24-Jul-2026 23:53:14 UTC] PHP Warning:  foreach() argument must be of type array|object, bool given in C:\Users\meita\Local Sites\figma-tabs-task\app\public\wp-content\themes\figma-tabs-theme\blocks\tabs-section\mobile.php on line 318
[24-Jul-2026 23:53:14 UTC] PHP Warning:  foreach() argument must be of type array|object, bool given in C:\Users\meita\Local Sites\figma-tabs-task\app\public\wp-content\themes\figma-tabs-theme\blocks\tabs-section\mobile.php on line 318
[24-Jul-2026 23:53:14 UTC] PHP Warning:  foreach() argument must be of type array|object, bool given in C:\Users\meita\Local Sites\figma-tabs-task\app\public\wp-content\themes\figma-tabs-theme\blocks\tabs-section\mobile.php on line 318
[24-Jul-2026 23:53:14 UTC] PHP Warning:  foreach() argument must be of type array|object, bool given in C:\Users\meita\Local Sites\figma-tabs-task\app\public\wp-content\themes\figma-tabs-theme\blocks\tabs-section\mobile.php on line 318
[24-Jul-2026 23:53:14 UTC] PHP Warning:  foreach() argument must be of type array|object, bool given in C:\Users\meita\Local Sites\figma-tabs-task\app\public\wp-content\themes\figma-tabs-theme\blocks\tabs-section\mobile.php on line 318
[24-Jul-2026 23:53:14 UTC] PHP Warning:  foreach() argument must be of type array|object, bool given in C:\Users\meita\Local Sites\figma-tabs-task\app\public\wp-content\themes\figma-tabs-theme\blocks\tabs-section\mobile.php on line 318
[24-Jul-2026 23:53:14 UTC] PHP Warning:  foreach() argument must be of type array|object, bool given in C:\Users\meita\Local Sites\figma-tabs-task\app\public\wp-content\themes\figma-tabs-theme\blocks\tabs-section\mobile.php on line 318
[24-Jul-2026 23:53:14 UTC] PHP Warning:  foreach() argument must be of type array|object, bool given in C:\Users\meita\Local Sites\figma-tabs-task\app\public\wp-content\themes\figma-tabs-theme\blocks\tabs-section\mobile.php on line 318
[24-Jul-2026 23:54:44 UTC] PHP Warning:  foreach() argument must be of type array|object, bool given in C:\Users\meita\Local Sites\figma-tabs-task\app\public\wp-content\themes\figma-tabs-theme\blocks\tabs-section\mobile.php on line 318
[24-Jul-2026 23:54:44 UTC] PHP Warning:  foreach() argument must be of type array|object, bool given in C:\Users\meita\Local Sites\figma-tabs-task\app\public\wp-content\themes\figma-tabs-theme\blocks\tabs-section\mobile.php on line 318
[24-Jul-2026 23:54:44 UTC] PHP Warning:  foreach() argument must be of type array|object, bool given in C:\Users\meita\Local Sites\figma-tabs-task\app\public\wp-content\themes\figma-tabs-theme\blocks\tabs-section\mobile.php on line 318
[24-Jul-2026 23:54:44 UTC] PHP Warning:  foreach() argument must be of type array|object, bool given in C:\Users\meita\Local Sites\figma-tabs-task\app\public\wp-content\themes\figma-tabs-theme\blocks\tabs-section\mobile.php on line 318
[24-Jul-2026 23:54:45 UTC] PHP Warning:  foreach() argument must be of type array|object, bool given in C:\Users\meita\Local Sites\figma-tabs-task\app\public\wp-content\themes\figma-tabs-theme\blocks\tabs-section\mobile.php on line 318
[24-Jul-2026 23:54:45 UTC] PHP Warning:  foreach() argument must be of type array|object, bool given in C:\Users\meita\Local Sites\figma-tabs-task\app\public\wp-content\themes\figma-tabs-theme\blocks\tabs-section\mobile.php on line 318
[24-Jul-2026 23:54:45 UTC] PHP Warning:  foreach() argument must be of type array|object, bool given in C:\Users\meita\Local Sites\figma-tabs-task\app\public\wp-content\themes\figma-tabs-theme\blocks\tabs-section\mobile.php on line 318
[24-Jul-2026 23:54:45 UTC] PHP Warning:  foreach() argument must be of type array|object, bool given in C:\Users\meita\Local Sites\figma-tabs-task\app\public\wp-content\themes\figma-tabs-theme\blocks\tabs-section\mobile.php on line 318
[24-Jul-2026 23:55:34 UTC] PHP Warning:  foreach() argument must be of type array|object, bool given in C:\Users\meita\Local Sites\figma-tabs-task\app\public\wp-content\themes\figma-tabs-theme\blocks\tabs-section\mobile.php on line 318
[24-Jul-2026 23:55:34 UTC] PHP Warning:  foreach() argument must be of type array|object, bool given in C:\Users\meita\Local Sites\figma-tabs-task\app\public\wp-content\themes\figma-tabs-theme\blocks\tabs-section\mobile.php on line 318
[24-Jul-2026 23:55:34 UTC] PHP Warning:  foreach() argument must be of type array|object, bool given in C:\Users\meita\Local Sites\figma-tabs-task\app\public\wp-content\themes\figma-tabs-theme\blocks\tabs-section\mobile.php on line 318
[24-Jul-2026 23:55:34 UTC] PHP Warning:  foreach() argument must be of type array|object, bool given in C:\Users\meita\Local Sites\figma-tabs-task\app\public\wp-content\themes\figma-tabs-theme\blocks\tabs-section\mobile.php on line 318
[24-Jul-2026 23:55:34 UTC] PHP Warning:  foreach() argument must be of type array|object, bool given in C:\Users\meita\Local Sites\figma-tabs-task\app\public\wp-content\themes\figma-tabs-theme\blocks\tabs-section\mobile.php on line 318
[24-Jul-2026 23:55:34 UTC] PHP Warning:  foreach() argument must be of type array|object, bool given in C:\Users\meita\Local Sites\figma-tabs-task\app\public\wp-content\themes\figma-tabs-theme\blocks\tabs-section\mobile.php on line 318
[24-Jul-2026 23:55:34 UTC] PHP Warning:  foreach() argument must be of type array|object, bool given in C:\Users\meita\Local Sites\figma-tabs-task\app\public\wp-content\themes\figma-tabs-theme\blocks\tabs-section\mobile.php on line 318
[24-Jul-2026 23:55:34 UTC] PHP Warning:  foreach() argument must be of type array|object, bool given in C:\Users\meita\Local Sites\figma-tabs-task\app\public\wp-content\themes\figma-tabs-theme\blocks\tabs-section\mobile.php on line 318
[24-Jul-2026 23:55:49 UTC] PHP Warning:  foreach() argument must be of type array|object, bool given in C:\Users\meita\Local Sites\figma-tabs-task\app\public\wp-content\themes\figma-tabs-theme\blocks\tabs-section\mobile.php on line 318
[24-Jul-2026 23:55:49 UTC] PHP Warning:  foreach() argument must be of type array|object, bool given in C:\Users\meita\Local Sites\figma-tabs-task\app\public\wp-content\themes\figma-tabs-theme\blocks\tabs-section\mobile.php on line 318
[24-Jul-2026 23:55:49 UTC] PHP Warning:  foreach() argument must be of type array|object, bool given in C:\Users\meita\Local Sites\figma-tabs-task\app\public\wp-content\themes\figma-tabs-theme\blocks\tabs-section\mobile.php on line 318
[24-Jul-2026 23:55:49 UTC] PHP Warning:  foreach() argument must be of type array|object, bool given in C:\Users\meita\Local Sites\figma-tabs-task\app\public\wp-content\themes\figma-tabs-theme\blocks\tabs-section\mobile.php on line 318
[24-Jul-2026 23:55:49 UTC] PHP Warning:  foreach() argument must be of type array|object, bool given in C:\Users\meita\Local Sites\figma-tabs-task\app\public\wp-content\themes\figma-tabs-theme\blocks\tabs-section\mobile.php on line 318
[24-Jul-2026 23:55:49 UTC] PHP Warning:  foreach() argument must be of type array|object, bool given in C:\Users\meita\Local Sites\figma-tabs-task\app\public\wp-content\themes\figma-tabs-theme\blocks\tabs-section\mobile.php on line 318
[24-Jul-2026 23:55:49 UTC] PHP Warning:  foreach() argument must be of type array|object, bool given in C:\Users\meita\Local Sites\figma-tabs-task\app\public\wp-content\themes\figma-tabs-theme\blocks\tabs-section\mobile.php on line 318
[24-Jul-2026 23:55:49 UTC] PHP Warning:  foreach() argument must be of type array|object, bool given in C:\Users\meita\Local Sites\figma-tabs-task\app\public\wp-content\themes\figma-tabs-theme\blocks\tabs-section\mobile.php on line 318
[24-Jul-2026 23:56:06 UTC] PHP Warning:  foreach() argument must be of type array|object, bool given in C:\Users\meita\Local Sites\figma-tabs-task\app\public\wp-content\themes\figma-tabs-theme\blocks\tabs-section\mobile.php on line 318
[24-Jul-2026 23:56:06 UTC] PHP Warning:  foreach() argument must be of type array|object, bool given in C:\Users\meita\Local Sites\figma-tabs-task\app\public\wp-content\themes\figma-tabs-theme\blocks\tabs-section\mobile.php on line 318
[24-Jul-2026 23:56:06 UTC] PHP Warning:  foreach() argument must be of type array|object, bool given in C:\Users\meita\Local Sites\figma-tabs-task\app\public\wp-content\themes\figma-tabs-theme\blocks\tabs-section\mobile.php on line 318
[24-Jul-2026 23:56:06 UTC] PHP Warning:  foreach() argument must be of type array|object, bool given in C:\Users\meita\Local Sites\figma-tabs-task\app\public\wp-content\themes\figma-tabs-theme\blocks\tabs-section\mobile.php on line 318
[24-Jul-2026 23:56:06 UTC] PHP Warning:  foreach() argument must be of type array|object, bool given in C:\Users\meita\Local Sites\figma-tabs-task\app\public\wp-content\themes\figma-tabs-theme\blocks\tabs-section\mobile.php on line 318
[24-Jul-2026 23:56:06 UTC] PHP Warning:  foreach() argument must be of type array|object, bool given in C:\Users\meita\Local Sites\figma-tabs-task\app\public\wp-content\themes\figma-tabs-theme\blocks\tabs-section\mobile.php on line 318
[24-Jul-2026 23:56:06 UTC] PHP Warning:  foreach() argument must be of type array|object, bool given in C:\Users\meita\Local Sites\figma-tabs-task\app\public\wp-content\themes\figma-tabs-theme\blocks\tabs-section\mobile.php on line 318
[24-Jul-2026 23:56:06 UTC] PHP Warning:  foreach() argument must be of type array|object, bool given in C:\Users\meita\Local Sites\figma-tabs-task\app\public\wp-content\themes\figma-tabs-theme\blocks\tabs-section\mobile.php on line 318
[24-Jul-2026 23:56:31 UTC] PHP Warning:  foreach() argument must be of type array|object, bool given in C:\Users\meita\Local Sites\figma-tabs-task\app\public\wp-content\themes\figma-tabs-theme\blocks\tabs-section\mobile.php on line 318
[24-Jul-2026 23:56:31 UTC] PHP Warning:  foreach() argument must be of type array|object, bool given in C:\Users\meita\Local Sites\figma-tabs-task\app\public\wp-content\themes\figma-tabs-theme\blocks\tabs-section\mobile.php on line 318
[24-Jul-2026 23:56:31 UTC] PHP Warning:  foreach() argument must be of type array|object, bool given in C:\Users\meita\Local Sites\figma-tabs-task\app\public\wp-content\themes\figma-tabs-theme\blocks\tabs-section\mobile.php on line 318
[24-Jul-2026 23:56:31 UTC] PHP Warning:  foreach() argument must be of type array|object, bool given in C:\Users\meita\Local Sites\figma-tabs-task\app\public\wp-content\themes\figma-tabs-theme\blocks\tabs-section\mobile.php on line 318
[24-Jul-2026 23:56:31 UTC] PHP Warning:  foreach() argument must be of type array|object, bool given in C:\Users\meita\Local Sites\figma-tabs-task\app\public\wp-content\themes\figma-tabs-theme\blocks\tabs-section\mobile.php on line 318
[24-Jul-2026 23:56:31 UTC] PHP Warning:  foreach() argument must be of type array|object, bool given in C:\Users\meita\Local Sites\figma-tabs-task\app\public\wp-content\themes\figma-tabs-theme\blocks\tabs-section\mobile.php on line 318
[24-Jul-2026 23:56:31 UTC] PHP Warning:  foreach() argument must be of type array|object, bool given in C:\Users\meita\Local Sites\figma-tabs-task\app\public\wp-content\themes\figma-tabs-theme\blocks\tabs-section\mobile.php on line 318
[24-Jul-2026 23:56:31 UTC] PHP Warning:  foreach() argument must be of type array|object, bool given in C:\Users\meita\Local Sites\figma-tabs-task\app\public\wp-content\themes\figma-tabs-theme\blocks\tabs-section\mobile.php on line 318
[24-Jul-2026 23:56:42 UTC] PHP Warning:  foreach() argument must be of type array|object, bool given in C:\Users\meita\Local Sites\figma-tabs-task\app\public\wp-content\themes\figma-tabs-theme\blocks\tabs-section\mobile.php on line 318
[24-Jul-2026 23:56:42 UTC] PHP Warning:  foreach() argument must be of type array|object, bool given in C:\Users\meita\Local Sites\figma-tabs-task\app\public\wp-content\themes\figma-tabs-theme\blocks\tabs-section\mobile.php on line 318
[24-Jul-2026 23:56:42 UTC] PHP Warning:  foreach() argument must be of type array|object, bool given in C:\Users\meita\Local Sites\figma-tabs-task\app\public\wp-content\themes\figma-tabs-theme\blocks\tabs-section\mobile.php on line 318
[24-Jul-2026 23:56:42 UTC] PHP Warning:  foreach() argument must be of type array|object, bool given in C:\Users\meita\Local Sites\figma-tabs-task\app\public\wp-content\themes\figma-tabs-theme\blocks\tabs-section\mobile.php on line 318
[24-Jul-2026 23:56:43 UTC] PHP Warning:  foreach() argument must be of type array|object, bool given in C:\Users\meita\Local Sites\figma-tabs-task\app\public\wp-content\themes\figma-tabs-theme\blocks\tabs-section\mobile.php on line 318
[24-Jul-2026 23:56:43 UTC] PHP Warning:  foreach() argument must be of type array|object, bool given in C:\Users\meita\Local Sites\figma-tabs-task\app\public\wp-content\themes\figma-tabs-theme\blocks\tabs-section\mobile.php on line 318
[24-Jul-2026 23:56:43 UTC] PHP Warning:  foreach() argument must be of type array|object, bool given in C:\Users\meita\Local Sites\figma-tabs-task\app\public\wp-content\themes\figma-tabs-theme\blocks\tabs-section\mobile.php on line 318
[24-Jul-2026 23:56:43 UTC] PHP Warning:  foreach() argument must be of type array|object, bool given in C:\Users\meita\Local Sites\figma-tabs-task\app\public\wp-content\themes\figma-tabs-theme\blocks\tabs-section\mobile.php on line 318
[24-Jul-2026 23:57:06 UTC] PHP Warning:  foreach() argument must be of type array|object, bool given in C:\Users\meita\Local Sites\figma-tabs-task\app\public\wp-content\themes\figma-tabs-theme\blocks\tabs-section\mobile.php on line 318
[24-Jul-2026 23:57:06 UTC] PHP Warning:  foreach() argument must be of type array|object, bool given in C:\Users\meita\Local Sites\figma-tabs-task\app\public\wp-content\themes\figma-tabs-theme\blocks\tabs-section\mobile.php on line 318
[24-Jul-2026 23:57:06 UTC] PHP Warning:  foreach() argument must be of type array|object, bool given in C:\Users\meita\Local Sites\figma-tabs-task\app\public\wp-content\themes\figma-tabs-theme\blocks\tabs-section\mobile.php on line 318
[24-Jul-2026 23:57:06 UTC] PHP Warning:  foreach() argument must be of type array|object, bool given in C:\Users\meita\Local Sites\figma-tabs-task\app\public\wp-content\themes\figma-tabs-theme\blocks\tabs-section\mobile.php on line 318
[24-Jul-2026 23:57:06 UTC] PHP Warning:  foreach() argument must be of type array|object, bool given in C:\Users\meita\Local Sites\figma-tabs-task\app\public\wp-content\themes\figma-tabs-theme\blocks\tabs-section\mobile.php on line 318
[24-Jul-2026 23:57:06 UTC] PHP Warning:  foreach() argument must be of type array|object, bool given in C:\Users\meita\Local Sites\figma-tabs-task\app\public\wp-content\themes\figma-tabs-theme\blocks\tabs-section\mobile.php on line 318
[24-Jul-2026 23:57:06 UTC] PHP Warning:  foreach() argument must be of type array|object, bool given in C:\Users\meita\Local Sites\figma-tabs-task\app\public\wp-content\themes\figma-tabs-theme\blocks\tabs-section\mobile.php on line 318
[24-Jul-2026 23:57:06 UTC] PHP Warning:  foreach() argument must be of type array|object, bool given in C:\Users\meita\Local Sites\figma-tabs-task\app\public\wp-content\themes\figma-tabs-theme\blocks\tabs-section\mobile.php on line 318
[24-Jul-2026 23:57:22 UTC] PHP Warning:  foreach() argument must be of type array|object, bool given in C:\Users\meita\Local Sites\figma-tabs-task\app\public\wp-content\themes\figma-tabs-theme\blocks\tabs-section\mobile.php on line 318
[24-Jul-2026 23:57:22 UTC] PHP Warning:  foreach() argument must be of type array|object, bool given in C:\Users\meita\Local Sites\figma-tabs-task\app\public\wp-content\themes\figma-tabs-theme\blocks\tabs-section\mobile.php on line 318
[24-Jul-2026 23:57:22 UTC] PHP Warning:  foreach() argument must be of type array|object, bool given in C:\Users\meita\Local Sites\figma-tabs-task\app\public\wp-content\themes\figma-tabs-theme\blocks\tabs-section\mobile.php on line 318
[24-Jul-2026 23:57:22 UTC] PHP Warning:  foreach() argument must be of type array|object, bool given in C:\Users\meita\Local Sites\figma-tabs-task\app\public\wp-content\themes\figma-tabs-theme\blocks\tabs-section\mobile.php on line 318
[24-Jul-2026 23:57:22 UTC] PHP Warning:  foreach() argument must be of type array|object, bool given in C:\Users\meita\Local Sites\figma-tabs-task\app\public\wp-content\themes\figma-tabs-theme\blocks\tabs-section\mobile.php on line 318
[24-Jul-2026 23:57:22 UTC] PHP Warning:  foreach() argument must be of type array|object, bool given in C:\Users\meita\Local Sites\figma-tabs-task\app\public\wp-content\themes\figma-tabs-theme\blocks\tabs-section\mobile.php on line 318
[24-Jul-2026 23:57:22 UTC] PHP Warning:  foreach() argument must be of type array|object, bool given in C:\Users\meita\Local Sites\figma-tabs-task\app\public\wp-content\themes\figma-tabs-theme\blocks\tabs-section\mobile.php on line 318
[24-Jul-2026 23:57:22 UTC] PHP Warning:  foreach() argument must be of type array|object, bool given in C:\Users\meita\Local Sites\figma-tabs-task\app\public\wp-content\themes\figma-tabs-theme\blocks\tabs-section\mobile.php on line 318
[24-Jul-2026 23:58:26 UTC] PHP Warning:  foreach() argument must be of type array|object, bool given in C:\Users\meita\Local Sites\figma-tabs-task\app\public\wp-content\themes\figma-tabs-theme\blocks\tabs-section\mobile.php on line 318
[24-Jul-2026 23:58:26 UTC] PHP Warning:  foreach() argument must be of type array|object, bool given in C:\Users\meita\Local Sites\figma-tabs-task\app\public\wp-content\themes\figma-tabs-theme\blocks\tabs-section\mobile.php on line 318
[24-Jul-2026 23:58:26 UTC] PHP Warning:  foreach() argument must be of type array|object, bool given in C:\Users\meita\Local Sites\figma-tabs-task\app\public\wp-content\themes\figma-tabs-theme\blocks\tabs-section\mobile.php on line 318
[24-Jul-2026 23:58:26 UTC] PHP Warning:  foreach() argument must be of type array|object, bool given in C:\Users\meita\Local Sites\figma-tabs-task\app\public\wp-content\themes\figma-tabs-theme\blocks\tabs-section\mobile.php on line 318
[24-Jul-2026 23:58:26 UTC] PHP Warning:  foreach() argument must be of type array|object, bool given in C:\Users\meita\Local Sites\figma-tabs-task\app\public\wp-content\themes\figma-tabs-theme\blocks\tabs-section\mobile.php on line 318
[24-Jul-2026 23:58:26 UTC] PHP Warning:  foreach() argument must be of type array|object, bool given in C:\Users\meita\Local Sites\figma-tabs-task\app\public\wp-content\themes\figma-tabs-theme\blocks\tabs-section\mobile.php on line 318
[24-Jul-2026 23:58:26 UTC] PHP Warning:  foreach() argument must be of type array|object, bool given in C:\Users\meita\Local Sites\figma-tabs-task\app\public\wp-content\themes\figma-tabs-theme\blocks\tabs-section\mobile.php on line 318
[24-Jul-2026 23:58:26 UTC] PHP Warning:  foreach() argument must be of type array|object, bool given in C:\Users\meita\Local Sites\figma-tabs-task\app\public\wp-content\themes\figma-tabs-theme\blocks\tabs-section\mobile.php on line 318
[24-Jul-2026 23:58:38 UTC] PHP Warning:  foreach() argument must be of type array|object, bool given in C:\Users\meita\Local Sites\figma-tabs-task\app\public\wp-content\themes\figma-tabs-theme\blocks\tabs-section\mobile.php on line 318
[24-Jul-2026 23:58:38 UTC] PHP Warning:  foreach() argument must be of type array|object, bool given in C:\Users\meita\Local Sites\figma-tabs-task\app\public\wp-content\themes\figma-tabs-theme\blocks\tabs-section\mobile.php on line 318
[24-Jul-2026 23:58:38 UTC] PHP Warning:  foreach() argument must be of type array|object, bool given in C:\Users\meita\Local Sites\figma-tabs-task\app\public\wp-content\themes\figma-tabs-theme\blocks\tabs-section\mobile.php on line 318
[24-Jul-2026 23:58:38 UTC] PHP Warning:  foreach() argument must be of type array|object, bool given in C:\Users\meita\Local Sites\figma-tabs-task\app\public\wp-content\themes\figma-tabs-theme\blocks\tabs-section\mobile.php on line 318
[24-Jul-2026 23:58:39 UTC] PHP Warning:  foreach() argument must be of type array|object, bool given in C:\Users\meita\Local Sites\figma-tabs-task\app\public\wp-content\themes\figma-tabs-theme\blocks\tabs-section\mobile.php on line 318
[24-Jul-2026 23:58:39 UTC] PHP Warning:  foreach() argument must be of type array|object, bool given in C:\Users\meita\Local Sites\figma-tabs-task\app\public\wp-content\themes\figma-tabs-theme\blocks\tabs-section\mobile.php on line 318
[24-Jul-2026 23:58:39 UTC] PHP Warning:  foreach() argument must be of type array|object, bool given in C:\Users\meita\Local Sites\figma-tabs-task\app\public\wp-content\themes\figma-tabs-theme\blocks\tabs-section\mobile.php on line 318
[24-Jul-2026 23:58:39 UTC] PHP Warning:  foreach() argument must be of type array|object, bool given in C:\Users\meita\Local Sites\figma-tabs-task\app\public\wp-content\themes\figma-tabs-theme\blocks\tabs-section\mobile.php on line 318
[24-Jul-2026 23:59:07 UTC] PHP Warning:  foreach() argument must be of type array|object, bool given in C:\Users\meita\Local Sites\figma-tabs-task\app\public\wp-content\themes\figma-tabs-theme\blocks\tabs-section\mobile.php on line 318
[24-Jul-2026 23:59:07 UTC] PHP Warning:  foreach() argument must be of type array|object, bool given in C:\Users\meita\Local Sites\figma-tabs-task\app\public\wp-content\themes\figma-tabs-theme\blocks\tabs-section\mobile.php on line 318
[24-Jul-2026 23:59:07 UTC] PHP Warning:  foreach() argument must be of type array|object, bool given in C:\Users\meita\Local Sites\figma-tabs-task\app\public\wp-content\themes\figma-tabs-theme\blocks\tabs-section\mobile.php on line 318
[24-Jul-2026 23:59:07 UTC] PHP Warning:  foreach() argument must be of type array|object, bool given in C:\Users\meita\Local Sites\figma-tabs-task\app\public\wp-content\themes\figma-tabs-theme\blocks\tabs-section\mobile.php on line 318
[24-Jul-2026 23:59:08 UTC] PHP Warning:  foreach() argument must be of type array|object, bool given in C:\Users\meita\Local Sites\figma-tabs-task\app\public\wp-content\themes\figma-tabs-theme\blocks\tabs-section\mobile.php on line 318
[24-Jul-2026 23:59:08 UTC] PHP Warning:  foreach() argument must be of type array|object, bool given in C:\Users\meita\Local Sites\figma-tabs-task\app\public\wp-content\themes\figma-tabs-theme\blocks\tabs-section\mobile.php on line 318
[24-Jul-2026 23:59:08 UTC] PHP Warning:  foreach() argument must be of type array|object, bool given in C:\Users\meita\Local Sites\figma-tabs-task\app\public\wp-content\themes\figma-tabs-theme\blocks\tabs-section\mobile.php on line 318
[24-Jul-2026 23:59:08 UTC] PHP Warning:  foreach() argument must be of type array|object, bool given in C:\Users\meita\Local Sites\figma-tabs-task\app\public\wp-content\themes\figma-tabs-theme\blocks\tabs-section\mobile.php on line 318
[24-Jul-2026 23:59:29 UTC] PHP Warning:  foreach() argument must be of type array|object, bool given in C:\Users\meita\Local Sites\figma-tabs-task\app\public\wp-content\themes\figma-tabs-theme\blocks\tabs-section\mobile.php on line 318
[24-Jul-2026 23:59:29 UTC] PHP Warning:  foreach() argument must be of type array|object, bool given in C:\Users\meita\Local Sites\figma-tabs-task\app\public\wp-content\themes\figma-tabs-theme\blocks\tabs-section\mobile.php on line 318
[24-Jul-2026 23:59:29 UTC] PHP Warning:  foreach() argument must be of type array|object, bool given in C:\Users\meita\Local Sites\figma-tabs-task\app\public\wp-content\themes\figma-tabs-theme\blocks\tabs-section\mobile.php on line 318
[24-Jul-2026 23:59:29 UTC] PHP Warning:  foreach() argument must be of type array|object, bool given in C:\Users\meita\Local Sites\figma-tabs-task\app\public\wp-content\themes\figma-tabs-theme\blocks\tabs-section\mobile.php on line 318
[24-Jul-2026 23:59:29 UTC] PHP Warning:  foreach() argument must be of type array|object, bool given in C:\Users\meita\Local Sites\figma-tabs-task\app\public\wp-content\themes\figma-tabs-theme\blocks\tabs-section\mobile.php on line 318
[24-Jul-2026 23:59:29 UTC] PHP Warning:  foreach() argument must be of type array|object, bool given in C:\Users\meita\Local Sites\figma-tabs-task\app\public\wp-content\themes\figma-tabs-theme\blocks\tabs-section\mobile.php on line 318
[24-Jul-2026 23:59:29 UTC] PHP Warning:  foreach() argument must be of type array|object, bool given in C:\Users\meita\Local Sites\figma-tabs-task\app\public\wp-content\themes\figma-tabs-theme\blocks\tabs-section\mobile.php on line 318
[24-Jul-2026 23:59:29 UTC] PHP Warning:  foreach() argument must be of type array|object, bool given in C:\Users\meita\Local Sites\figma-tabs-task\app\public\wp-content\themes\figma-tabs-theme\blocks\tabs-section\mobile.php on line 318
[24-Jul-2026 23:59:43 UTC] PHP Warning:  foreach() argument must be of type array|object, bool given in C:\Users\meita\Local Sites\figma-tabs-task\app\public\wp-content\themes\figma-tabs-theme\blocks\tabs-section\mobile.php on line 318
[24-Jul-2026 23:59:43 UTC] PHP Warning:  foreach() argument must be of type array|object, bool given in C:\Users\meita\Local Sites\figma-tabs-task\app\public\wp-content\themes\figma-tabs-theme\blocks\tabs-section\mobile.php on line 318
[24-Jul-2026 23:59:43 UTC] PHP Warning:  foreach() argument must be of type array|object, bool given in C:\Users\meita\Local Sites\figma-tabs-task\app\public\wp-content\themes\figma-tabs-theme\blocks\tabs-section\mobile.php on line 318
[24-Jul-2026 23:59:43 UTC] PHP Warning:  foreach() argument must be of type array|object, bool given in C:\Users\meita\Local Sites\figma-tabs-task\app\public\wp-content\themes\figma-tabs-theme\blocks\tabs-section\mobile.php on line 318
[24-Jul-2026 23:59:43 UTC] PHP Warning:  foreach() argument must be of type array|object, bool given in C:\Users\meita\Local Sites\figma-tabs-task\app\public\wp-content\themes\figma-tabs-theme\blocks\tabs-section\mobile.php on line 318
[24-Jul-2026 23:59:43 UTC] PHP Warning:  foreach() argument must be of type array|object, bool given in C:\Users\meita\Local Sites\figma-tabs-task\app\public\wp-content\themes\figma-tabs-theme\blocks\tabs-section\mobile.php on line 318
[24-Jul-2026 23:59:43 UTC] PHP Warning:  foreach() argument must be of type array|object, bool given in C:\Users\meita\Local Sites\figma-tabs-task\app\public\wp-content\themes\figma-tabs-theme\blocks\tabs-section\mobile.php on line 318
[24-Jul-2026 23:59:43 UTC] PHP Warning:  foreach() argument must be of type array|object, bool given in C:\Users\meita\Local Sites\figma-tabs-task\app\public\wp-content\themes\figma-tabs-theme\blocks\tabs-section\mobile.php on line 318
[25-Jul-2026 00:00:18 UTC] PHP Warning:  foreach() argument must be of type array|object, bool given in C:\Users\meita\Local Sites\figma-tabs-task\app\public\wp-content\themes\figma-tabs-theme\blocks\tabs-section\mobile.php on line 318
[25-Jul-2026 00:00:18 UTC] PHP Warning:  foreach() argument must be of type array|object, bool given in C:\Users\meita\Local Sites\figma-tabs-task\app\public\wp-content\themes\figma-tabs-theme\blocks\tabs-section\mobile.php on line 318
[25-Jul-2026 00:00:18 UTC] PHP Warning:  foreach() argument must be of type array|object, bool given in C:\Users\meita\Local Sites\figma-tabs-task\app\public\wp-content\themes\figma-tabs-theme\blocks\tabs-section\mobile.php on line 318
[25-Jul-2026 00:00:18 UTC] PHP Warning:  foreach() argument must be of type array|object, bool given in C:\Users\meita\Local Sites\figma-tabs-task\app\public\wp-content\themes\figma-tabs-theme\blocks\tabs-section\mobile.php on line 318
[25-Jul-2026 00:00:19 UTC] PHP Warning:  foreach() argument must be of type array|object, bool given in C:\Users\meita\Local Sites\figma-tabs-task\app\public\wp-content\themes\figma-tabs-theme\blocks\tabs-section\mobile.php on line 318
[25-Jul-2026 00:00:19 UTC] PHP Warning:  foreach() argument must be of type array|object, bool given in C:\Users\meita\Local Sites\figma-tabs-task\app\public\wp-content\themes\figma-tabs-theme\blocks\tabs-section\mobile.php on line 318
[25-Jul-2026 00:00:19 UTC] PHP Warning:  foreach() argument must be of type array|object, bool given in C:\Users\meita\Local Sites\figma-tabs-task\app\public\wp-content\themes\figma-tabs-theme\blocks\tabs-section\mobile.php on line 318
[25-Jul-2026 00:00:19 UTC] PHP Warning:  foreach() argument must be of type array|object, bool given in C:\Users\meita\Local Sites\figma-tabs-task\app\public\wp-content\themes\figma-tabs-theme\blocks\tabs-section\mobile.php on line 318
[25-Jul-2026 00:00:35 UTC] PHP Warning:  foreach() argument must be of type array|object, bool given in C:\Users\meita\Local Sites\figma-tabs-task\app\public\wp-content\themes\figma-tabs-theme\blocks\tabs-section\mobile.php on line 318
[25-Jul-2026 00:00:35 UTC] PHP Warning:  foreach() argument must be of type array|object, bool given in C:\Users\meita\Local Sites\figma-tabs-task\app\public\wp-content\themes\figma-tabs-theme\blocks\tabs-section\mobile.php on line 318
[25-Jul-2026 00:00:35 UTC] PHP Warning:  foreach() argument must be of type array|object, bool given in C:\Users\meita\Local Sites\figma-tabs-task\app\public\wp-content\themes\figma-tabs-theme\blocks\tabs-section\mobile.php on line 318
[25-Jul-2026 00:00:35 UTC] PHP Warning:  foreach() argument must be of type array|object, bool given in C:\Users\meita\Local Sites\figma-tabs-task\app\public\wp-content\themes\figma-tabs-theme\blocks\tabs-section\mobile.php on line 318
[25-Jul-2026 00:00:35 UTC] PHP Warning:  foreach() argument must be of type array|object, bool given in C:\Users\meita\Local Sites\figma-tabs-task\app\public\wp-content\themes\figma-tabs-theme\blocks\tabs-section\mobile.php on line 318
[25-Jul-2026 00:00:35 UTC] PHP Warning:  foreach() argument must be of type array|object, bool given in C:\Users\meita\Local Sites\figma-tabs-task\app\public\wp-content\themes\figma-tabs-theme\blocks\tabs-section\mobile.php on line 318
[25-Jul-2026 00:00:35 UTC] PHP Warning:  foreach() argument must be of type array|object, bool given in C:\Users\meita\Local Sites\figma-tabs-task\app\public\wp-content\themes\figma-tabs-theme\blocks\tabs-section\mobile.php on line 318
[25-Jul-2026 00:00:35 UTC] PHP Warning:  foreach() argument must be of type array|object, bool given in C:\Users\meita\Local Sites\figma-tabs-task\app\public\wp-content\themes\figma-tabs-theme\blocks\tabs-section\mobile.php on line 318
[25-Jul-2026 00:01:02 UTC] PHP Warning:  foreach() argument must be of type array|object, bool given in C:\Users\meita\Local Sites\figma-tabs-task\app\public\wp-content\themes\figma-tabs-theme\blocks\tabs-section\mobile.php on line 318
[25-Jul-2026 00:01:02 UTC] PHP Warning:  foreach() argument must be of type array|object, bool given in C:\Users\meita\Local Sites\figma-tabs-task\app\public\wp-content\themes\figma-tabs-theme\blocks\tabs-section\mobile.php on line 318
[25-Jul-2026 00:01:02 UTC] PHP Warning:  foreach() argument must be of type array|object, bool given in C:\Users\meita\Local Sites\figma-tabs-task\app\public\wp-content\themes\figma-tabs-theme\blocks\tabs-section\mobile.php on line 318
[25-Jul-2026 00:01:02 UTC] PHP Warning:  foreach() argument must be of type array|object, bool given in C:\Users\meita\Local Sites\figma-tabs-task\app\public\wp-content\themes\figma-tabs-theme\blocks\tabs-section\mobile.php on line 318
[25-Jul-2026 00:01:02 UTC] PHP Warning:  foreach() argument must be of type array|object, bool given in C:\Users\meita\Local Sites\figma-tabs-task\app\public\wp-content\themes\figma-tabs-theme\blocks\tabs-section\mobile.php on line 318
[25-Jul-2026 00:01:02 UTC] PHP Warning:  foreach() argument must be of type array|object, bool given in C:\Users\meita\Local Sites\figma-tabs-task\app\public\wp-content\themes\figma-tabs-theme\blocks\tabs-section\mobile.php on line 318
[25-Jul-2026 00:01:02 UTC] PHP Warning:  foreach() argument must be of type array|object, bool given in C:\Users\meita\Local Sites\figma-tabs-task\app\public\wp-content\themes\figma-tabs-theme\blocks\tabs-section\mobile.php on line 318
[25-Jul-2026 00:01:02 UTC] PHP Warning:  foreach() argument must be of type array|object, bool given in C:\Users\meita\Local Sites\figma-tabs-task\app\public\wp-content\themes\figma-tabs-theme\blocks\tabs-section\mobile.php on line 318
[25-Jul-2026 00:02:24 UTC] PHP Warning:  foreach() argument must be of type array|object, bool given in C:\Users\meita\Local Sites\figma-tabs-task\app\public\wp-content\themes\figma-tabs-theme\blocks\tabs-section\mobile.php on line 318
[25-Jul-2026 00:02:24 UTC] PHP Warning:  foreach() argument must be of type array|object, bool given in C:\Users\meita\Local Sites\figma-tabs-task\app\public\wp-content\themes\figma-tabs-theme\blocks\tabs-section\mobile.php on line 318
[25-Jul-2026 00:02:24 UTC] PHP Warning:  foreach() argument must be of type array|object, bool given in C:\Users\meita\Local Sites\figma-tabs-task\app\public\wp-content\themes\figma-tabs-theme\blocks\tabs-section\mobile.php on line 318
[25-Jul-2026 00:02:24 UTC] PHP Warning:  foreach() argument must be of type array|object, bool given in C:\Users\meita\Local Sites\figma-tabs-task\app\public\wp-content\themes\figma-tabs-theme\blocks\tabs-section\mobile.php on line 318
[25-Jul-2026 00:02:25 UTC] PHP Warning:  foreach() argument must be of type array|object, bool given in C:\Users\meita\Local Sites\figma-tabs-task\app\public\wp-content\themes\figma-tabs-theme\blocks\tabs-section\mobile.php on line 318
[25-Jul-2026 00:02:25 UTC] PHP Warning:  foreach() argument must be of type array|object, bool given in C:\Users\meita\Local Sites\figma-tabs-task\app\public\wp-content\themes\figma-tabs-theme\blocks\tabs-section\mobile.php on line 318
[25-Jul-2026 00:02:25 UTC] PHP Warning:  foreach() argument must be of type array|object, bool given in C:\Users\meita\Local Sites\figma-tabs-task\app\public\wp-content\themes\figma-tabs-theme\blocks\tabs-section\mobile.php on line 318
[25-Jul-2026 00:02:25 UTC] PHP Warning:  foreach() argument must be of type array|object, bool given in C:\Users\meita\Local Sites\figma-tabs-task\app\public\wp-content\themes\figma-tabs-theme\blocks\tabs-section\mobile.php on line 318
[25-Jul-2026 00:02:49 UTC] PHP Warning:  foreach() argument must be of type array|object, bool given in C:\Users\meita\Local Sites\figma-tabs-task\app\public\wp-content\themes\figma-tabs-theme\blocks\tabs-section\mobile.php on line 318
[25-Jul-2026 00:02:49 UTC] PHP Warning:  foreach() argument must be of type array|object, bool given in C:\Users\meita\Local Sites\figma-tabs-task\app\public\wp-content\themes\figma-tabs-theme\blocks\tabs-section\mobile.php on line 318
[25-Jul-2026 00:02:49 UTC] PHP Warning:  foreach() argument must be of type array|object, bool given in C:\Users\meita\Local Sites\figma-tabs-task\app\public\wp-content\themes\figma-tabs-theme\blocks\tabs-section\mobile.php on line 318
[25-Jul-2026 00:02:49 UTC] PHP Warning:  foreach() argument must be of type array|object, bool given in C:\Users\meita\Local Sites\figma-tabs-task\app\public\wp-content\themes\figma-tabs-theme\blocks\tabs-section\mobile.php on line 318
[25-Jul-2026 00:02:49 UTC] PHP Warning:  foreach() argument must be of type array|object, bool given in C:\Users\meita\Local Sites\figma-tabs-task\app\public\wp-content\themes\figma-tabs-theme\blocks\tabs-section\mobile.php on line 318
[25-Jul-2026 00:02:49 UTC] PHP Warning:  foreach() argument must be of type array|object, bool given in C:\Users\meita\Local Sites\figma-tabs-task\app\public\wp-content\themes\figma-tabs-theme\blocks\tabs-section\mobile.php on line 318
[25-Jul-2026 00:02:49 UTC] PHP Warning:  foreach() argument must be of type array|object, bool given in C:\Users\meita\Local Sites\figma-tabs-task\app\public\wp-content\themes\figma-tabs-theme\blocks\tabs-section\mobile.php on line 318
[25-Jul-2026 00:02:49 UTC] PHP Warning:  foreach() argument must be of type array|object, bool given in C:\Users\meita\Local Sites\figma-tabs-task\app\public\wp-content\themes\figma-tabs-theme\blocks\tabs-section\mobile.php on line 318
[25-Jul-2026 00:10:14 UTC] PHP Warning:  foreach() argument must be of type array|object, bool given in C:\Users\meita\Local Sites\figma-tabs-task\app\public\wp-content\themes\figma-tabs-theme\blocks\tabs-section\mobile.php on line 318
[25-Jul-2026 00:10:14 UTC] PHP Warning:  foreach() argument must be of type array|object, bool given in C:\Users\meita\Local Sites\figma-tabs-task\app\public\wp-content\themes\figma-tabs-theme\blocks\tabs-section\mobile.php on line 318
[25-Jul-2026 00:10:14 UTC] PHP Warning:  foreach() argument must be of type array|object, bool given in C:\Users\meita\Local Sites\figma-tabs-task\app\public\wp-content\themes\figma-tabs-theme\blocks\tabs-section\mobile.php on line 318
[25-Jul-2026 00:10:14 UTC] PHP Warning:  foreach() argument must be of type array|object, bool given in C:\Users\meita\Local Sites\figma-tabs-task\app\public\wp-content\themes\figma-tabs-theme\blocks\tabs-section\mobile.php on line 318
[25-Jul-2026 00:10:46 UTC] PHP Warning:  foreach() argument must be of type array|object, bool given in C:\Users\meita\Local Sites\figma-tabs-task\app\public\wp-content\themes\figma-tabs-theme\blocks\tabs-section\mobile.php on line 318
[25-Jul-2026 00:10:46 UTC] PHP Warning:  foreach() argument must be of type array|object, bool given in C:\Users\meita\Local Sites\figma-tabs-task\app\public\wp-content\themes\figma-tabs-theme\blocks\tabs-section\mobile.php on line 318
[25-Jul-2026 00:10:46 UTC] PHP Warning:  foreach() argument must be of type array|object, bool given in C:\Users\meita\Local Sites\figma-tabs-task\app\public\wp-content\themes\figma-tabs-theme\blocks\tabs-section\mobile.php on line 318
[25-Jul-2026 00:10:46 UTC] PHP Warning:  foreach() argument must be of type array|object, bool given in C:\Users\meita\Local Sites\figma-tabs-task\app\public\wp-content\themes\figma-tabs-theme\blocks\tabs-section\mobile.php on line 318
[25-Jul-2026 00:12:15 UTC] PHP Warning:  foreach() argument must be of type array|object, bool given in C:\Users\meita\Local Sites\figma-tabs-task\app\public\wp-content\themes\figma-tabs-theme\blocks\tabs-section\mobile.php on line 318
[25-Jul-2026 00:12:15 UTC] PHP Warning:  foreach() argument must be of type array|object, bool given in C:\Users\meita\Local Sites\figma-tabs-task\app\public\wp-content\themes\figma-tabs-theme\blocks\tabs-section\mobile.php on line 318
[25-Jul-2026 00:12:15 UTC] PHP Warning:  foreach() argument must be of type array|object, bool given in C:\Users\meita\Local Sites\figma-tabs-task\app\public\wp-content\themes\figma-tabs-theme\blocks\tabs-section\mobile.php on line 318
[25-Jul-2026 00:12:15 UTC] PHP Warning:  foreach() argument must be of type array|object, bool given in C:\Users\meita\Local Sites\figma-tabs-task\app\public\wp-content\themes\figma-tabs-theme\blocks\tabs-section\mobile.php on line 318
[25-Jul-2026 00:12:15 UTC] PHP Warning:  foreach() argument must be of type array|object, bool given in C:\Users\meita\Local Sites\figma-tabs-task\app\public\wp-content\themes\figma-tabs-theme\blocks\tabs-section\mobile.php on line 318
[25-Jul-2026 00:12:15 UTC] PHP Warning:  foreach() argument must be of type array|object, bool given in C:\Users\meita\Local Sites\figma-tabs-task\app\public\wp-content\themes\figma-tabs-theme\blocks\tabs-section\mobile.php on line 318
[25-Jul-2026 00:12:15 UTC] PHP Warning:  foreach() argument must be of type array|object, bool given in C:\Users\meita\Local Sites\figma-tabs-task\app\public\wp-content\themes\figma-tabs-theme\blocks\tabs-section\mobile.php on line 318
[25-Jul-2026 00:12:15 UTC] PHP Warning:  foreach() argument must be of type array|object, bool given in C:\Users\meita\Local Sites\figma-tabs-task\app\public\wp-content\themes\figma-tabs-theme\blocks\tabs-section\mobile.php on line 318
[25-Jul-2026 00:13:25 UTC] PHP Warning:  foreach() argument must be of type array|object, bool given in C:\Users\meita\Local Sites\figma-tabs-task\app\public\wp-content\themes\figma-tabs-theme\blocks\tabs-section\mobile.php on line 312
[25-Jul-2026 00:13:25 UTC] PHP Warning:  foreach() argument must be of type array|object, bool given in C:\Users\meita\Local Sites\figma-tabs-task\app\public\wp-content\themes\figma-tabs-theme\blocks\tabs-section\mobile.php on line 312
[25-Jul-2026 00:13:25 UTC] PHP Warning:  foreach() argument must be of type array|object, bool given in C:\Users\meita\Local Sites\figma-tabs-task\app\public\wp-content\themes\figma-tabs-theme\blocks\tabs-section\mobile.php on line 312
[25-Jul-2026 00:13:25 UTC] PHP Warning:  foreach() argument must be of type array|object, bool given in C:\Users\meita\Local Sites\figma-tabs-task\app\public\wp-content\themes\figma-tabs-theme\blocks\tabs-section\mobile.php on line 312
[25-Jul-2026 00:13:26 UTC] PHP Warning:  foreach() argument must be of type array|object, bool given in C:\Users\meita\Local Sites\figma-tabs-task\app\public\wp-content\themes\figma-tabs-theme\blocks\tabs-section\mobile.php on line 312
[25-Jul-2026 00:13:26 UTC] PHP Warning:  foreach() argument must be of type array|object, bool given in C:\Users\meita\Local Sites\figma-tabs-task\app\public\wp-content\themes\figma-tabs-theme\blocks\tabs-section\mobile.php on line 312
[25-Jul-2026 00:13:26 UTC] PHP Warning:  foreach() argument must be of type array|object, bool given in C:\Users\meita\Local Sites\figma-tabs-task\app\public\wp-content\themes\figma-tabs-theme\blocks\tabs-section\mobile.php on line 312
[25-Jul-2026 00:13:26 UTC] PHP Warning:  foreach() argument must be of type array|object, bool given in C:\Users\meita\Local Sites\figma-tabs-task\app\public\wp-content\themes\figma-tabs-theme\blocks\tabs-section\mobile.php on line 312
[25-Jul-2026 00:13:51 UTC] PHP Warning:  foreach() argument must be of type array|object, bool given in C:\Users\meita\Local Sites\figma-tabs-task\app\public\wp-content\themes\figma-tabs-theme\blocks\tabs-section\mobile.php on line 312
[25-Jul-2026 00:13:51 UTC] PHP Warning:  foreach() argument must be of type array|object, bool given in C:\Users\meita\Local Sites\figma-tabs-task\app\public\wp-content\themes\figma-tabs-theme\blocks\tabs-section\mobile.php on line 312
[25-Jul-2026 00:13:51 UTC] PHP Warning:  foreach() argument must be of type array|object, bool given in C:\Users\meita\Local Sites\figma-tabs-task\app\public\wp-content\themes\figma-tabs-theme\blocks\tabs-section\mobile.php on line 312
[25-Jul-2026 00:13:51 UTC] PHP Warning:  foreach() argument must be of type array|object, bool given in C:\Users\meita\Local Sites\figma-tabs-task\app\public\wp-content\themes\figma-tabs-theme\blocks\tabs-section\mobile.php on line 312
[25-Jul-2026 00:13:52 UTC] PHP Warning:  foreach() argument must be of type array|object, bool given in C:\Users\meita\Local Sites\figma-tabs-task\app\public\wp-content\themes\figma-tabs-theme\blocks\tabs-section\mobile.php on line 312
[25-Jul-2026 00:13:52 UTC] PHP Warning:  foreach() argument must be of type array|object, bool given in C:\Users\meita\Local Sites\figma-tabs-task\app\public\wp-content\themes\figma-tabs-theme\blocks\tabs-section\mobile.php on line 312
[25-Jul-2026 00:13:52 UTC] PHP Warning:  foreach() argument must be of type array|object, bool given in C:\Users\meita\Local Sites\figma-tabs-task\app\public\wp-content\themes\figma-tabs-theme\blocks\tabs-section\mobile.php on line 312
[25-Jul-2026 00:13:52 UTC] PHP Warning:  foreach() argument must be of type array|object, bool given in C:\Users\meita\Local Sites\figma-tabs-task\app\public\wp-content\themes\figma-tabs-theme\blocks\tabs-section\mobile.php on line 312
[25-Jul-2026 00:14:14 UTC] PHP Warning:  foreach() argument must be of type array|object, bool given in C:\Users\meita\Local Sites\figma-tabs-task\app\public\wp-content\themes\figma-tabs-theme\blocks\tabs-section\mobile.php on line 312
[25-Jul-2026 00:14:14 UTC] PHP Warning:  foreach() argument must be of type array|object, bool given in C:\Users\meita\Local Sites\figma-tabs-task\app\public\wp-content\themes\figma-tabs-theme\blocks\tabs-section\mobile.php on line 312
[25-Jul-2026 00:14:14 UTC] PHP Warning:  foreach() argument must be of type array|object, bool given in C:\Users\meita\Local Sites\figma-tabs-task\app\public\wp-content\themes\figma-tabs-theme\blocks\tabs-section\mobile.php on line 312
[25-Jul-2026 00:14:14 UTC] PHP Warning:  foreach() argument must be of type array|object, bool given in C:\Users\meita\Local Sites\figma-tabs-task\app\public\wp-content\themes\figma-tabs-theme\blocks\tabs-section\mobile.php on line 312
[25-Jul-2026 00:14:14 UTC] PHP Warning:  foreach() argument must be of type array|object, bool given in C:\Users\meita\Local Sites\figma-tabs-task\app\public\wp-content\themes\figma-tabs-theme\blocks\tabs-section\mobile.php on line 312
[25-Jul-2026 00:14:14 UTC] PHP Warning:  foreach() argument must be of type array|object, bool given in C:\Users\meita\Local Sites\figma-tabs-task\app\public\wp-content\themes\figma-tabs-theme\blocks\tabs-section\mobile.php on line 312
[25-Jul-2026 00:14:14 UTC] PHP Warning:  foreach() argument must be of type array|object, bool given in C:\Users\meita\Local Sites\figma-tabs-task\app\public\wp-content\themes\figma-tabs-theme\blocks\tabs-section\mobile.php on line 312
[25-Jul-2026 00:14:14 UTC] PHP Warning:  foreach() argument must be of type array|object, bool given in C:\Users\meita\Local Sites\figma-tabs-task\app\public\wp-content\themes\figma-tabs-theme\blocks\tabs-section\mobile.php on line 312
[25-Jul-2026 00:15:41 UTC] PHP Warning:  foreach() argument must be of type array|object, bool given in C:\Users\meita\Local Sites\figma-tabs-task\app\public\wp-content\themes\figma-tabs-theme\blocks\tabs-section\mobile.php on line 312
[25-Jul-2026 00:15:41 UTC] PHP Warning:  foreach() argument must be of type array|object, bool given in C:\Users\meita\Local Sites\figma-tabs-task\app\public\wp-content\themes\figma-tabs-theme\blocks\tabs-section\mobile.php on line 312
[25-Jul-2026 00:15:41 UTC] PHP Warning:  foreach() argument must be of type array|object, bool given in C:\Users\meita\Local Sites\figma-tabs-task\app\public\wp-content\themes\figma-tabs-theme\blocks\tabs-section\mobile.php on line 312
[25-Jul-2026 00:15:41 UTC] PHP Warning:  foreach() argument must be of type array|object, bool given in C:\Users\meita\Local Sites\figma-tabs-task\app\public\wp-content\themes\figma-tabs-theme\blocks\tabs-section\mobile.php on line 312
[25-Jul-2026 00:15:41 UTC] PHP Warning:  foreach() argument must be of type array|object, bool given in C:\Users\meita\Local Sites\figma-tabs-task\app\public\wp-content\themes\figma-tabs-theme\blocks\tabs-section\mobile.php on line 312
[25-Jul-2026 00:15:41 UTC] PHP Warning:  foreach() argument must be of type array|object, bool given in C:\Users\meita\Local Sites\figma-tabs-task\app\public\wp-content\themes\figma-tabs-theme\blocks\tabs-section\mobile.php on line 312
[25-Jul-2026 00:15:41 UTC] PHP Warning:  foreach() argument must be of type array|object, bool given in C:\Users\meita\Local Sites\figma-tabs-task\app\public\wp-content\themes\figma-tabs-theme\blocks\tabs-section\mobile.php on line 312
[25-Jul-2026 00:15:41 UTC] PHP Warning:  foreach() argument must be of type array|object, bool given in C:\Users\meita\Local Sites\figma-tabs-task\app\public\wp-content\themes\figma-tabs-theme\blocks\tabs-section\mobile.php on line 312
[25-Jul-2026 00:17:08 UTC] PHP Warning:  foreach() argument must be of type array|object, bool given in C:\Users\meita\Local Sites\figma-tabs-task\app\public\wp-content\themes\figma-tabs-theme\blocks\tabs-section\mobile.php on line 312
[25-Jul-2026 00:17:08 UTC] PHP Warning:  foreach() argument must be of type array|object, bool given in C:\Users\meita\Local Sites\figma-tabs-task\app\public\wp-content\themes\figma-tabs-theme\blocks\tabs-section\mobile.php on line 312
[25-Jul-2026 00:17:08 UTC] PHP Warning:  foreach() argument must be of type array|object, bool given in C:\Users\meita\Local Sites\figma-tabs-task\app\public\wp-content\themes\figma-tabs-theme\blocks\tabs-section\mobile.php on line 312
[25-Jul-2026 00:17:08 UTC] PHP Warning:  foreach() argument must be of type array|object, bool given in C:\Users\meita\Local Sites\figma-tabs-task\app\public\wp-content\themes\figma-tabs-theme\blocks\tabs-section\mobile.php on line 312
[25-Jul-2026 00:17:09 UTC] PHP Warning:  foreach() argument must be of type array|object, bool given in C:\Users\meita\Local Sites\figma-tabs-task\app\public\wp-content\themes\figma-tabs-theme\blocks\tabs-section\mobile.php on line 312
[25-Jul-2026 00:17:09 UTC] PHP Warning:  foreach() argument must be of type array|object, bool given in C:\Users\meita\Local Sites\figma-tabs-task\app\public\wp-content\themes\figma-tabs-theme\blocks\tabs-section\mobile.php on line 312
[25-Jul-2026 00:17:09 UTC] PHP Warning:  foreach() argument must be of type array|object, bool given in C:\Users\meita\Local Sites\figma-tabs-task\app\public\wp-content\themes\figma-tabs-theme\blocks\tabs-section\mobile.php on line 312
[25-Jul-2026 00:17:09 UTC] PHP Warning:  foreach() argument must be of type array|object, bool given in C:\Users\meita\Local Sites\figma-tabs-task\app\public\wp-content\themes\figma-tabs-theme\blocks\tabs-section\mobile.php on line 312
[25-Jul-2026 00:18:36 UTC] PHP Warning:  foreach() argument must be of type array|object, bool given in C:\Users\meita\Local Sites\figma-tabs-task\app\public\wp-content\themes\figma-tabs-theme\blocks\tabs-section\mobile.php on line 312
[25-Jul-2026 00:18:36 UTC] PHP Warning:  foreach() argument must be of type array|object, bool given in C:\Users\meita\Local Sites\figma-tabs-task\app\public\wp-content\themes\figma-tabs-theme\blocks\tabs-section\mobile.php on line 312
[25-Jul-2026 00:18:36 UTC] PHP Warning:  foreach() argument must be of type array|object, bool given in C:\Users\meita\Local Sites\figma-tabs-task\app\public\wp-content\themes\figma-tabs-theme\blocks\tabs-section\mobile.php on line 312
[25-Jul-2026 00:18:36 UTC] PHP Warning:  foreach() argument must be of type array|object, bool given in C:\Users\meita\Local Sites\figma-tabs-task\app\public\wp-content\themes\figma-tabs-theme\blocks\tabs-section\mobile.php on line 312
[25-Jul-2026 00:18:37 UTC] PHP Warning:  foreach() argument must be of type array|object, bool given in C:\Users\meita\Local Sites\figma-tabs-task\app\public\wp-content\themes\figma-tabs-theme\blocks\tabs-section\mobile.php on line 312
[25-Jul-2026 00:18:37 UTC] PHP Warning:  foreach() argument must be of type array|object, bool given in C:\Users\meita\Local Sites\figma-tabs-task\app\public\wp-content\themes\figma-tabs-theme\blocks\tabs-section\mobile.php on line 312
[25-Jul-2026 00:18:37 UTC] PHP Warning:  foreach() argument must be of type array|object, bool given in C:\Users\meita\Local Sites\figma-tabs-task\app\public\wp-content\themes\figma-tabs-theme\blocks\tabs-section\mobile.php on line 312
[25-Jul-2026 00:18:37 UTC] PHP Warning:  foreach() argument must be of type array|object, bool given in C:\Users\meita\Local Sites\figma-tabs-task\app\public\wp-content\themes\figma-tabs-theme\blocks\tabs-section\mobile.php on line 312
[25-Jul-2026 00:19:09 UTC] PHP Warning:  foreach() argument must be of type array|object, bool given in C:\Users\meita\Local Sites\figma-tabs-task\app\public\wp-content\themes\figma-tabs-theme\blocks\tabs-section\mobile.php on line 312
[25-Jul-2026 00:19:09 UTC] PHP Warning:  foreach() argument must be of type array|object, bool given in C:\Users\meita\Local Sites\figma-tabs-task\app\public\wp-content\themes\figma-tabs-theme\blocks\tabs-section\mobile.php on line 312
[25-Jul-2026 00:19:09 UTC] PHP Warning:  foreach() argument must be of type array|object, bool given in C:\Users\meita\Local Sites\figma-tabs-task\app\public\wp-content\themes\figma-tabs-theme\blocks\tabs-section\mobile.php on line 312
[25-Jul-2026 00:19:09 UTC] PHP Warning:  foreach() argument must be of type array|object, bool given in C:\Users\meita\Local Sites\figma-tabs-task\app\public\wp-content\themes\figma-tabs-theme\blocks\tabs-section\mobile.php on line 312
[25-Jul-2026 00:19:10 UTC] PHP Warning:  foreach() argument must be of type array|object, bool given in C:\Users\meita\Local Sites\figma-tabs-task\app\public\wp-content\themes\figma-tabs-theme\blocks\tabs-section\mobile.php on line 312
[25-Jul-2026 00:19:10 UTC] PHP Warning:  foreach() argument must be of type array|object, bool given in C:\Users\meita\Local Sites\figma-tabs-task\app\public\wp-content\themes\figma-tabs-theme\blocks\tabs-section\mobile.php on line 312
[25-Jul-2026 00:19:10 UTC] PHP Warning:  foreach() argument must be of type array|object, bool given in C:\Users\meita\Local Sites\figma-tabs-task\app\public\wp-content\themes\figma-tabs-theme\blocks\tabs-section\mobile.php on line 312
[25-Jul-2026 00:19:10 UTC] PHP Warning:  foreach() argument must be of type array|object, bool given in C:\Users\meita\Local Sites\figma-tabs-task\app\public\wp-content\themes\figma-tabs-theme\blocks\tabs-section\mobile.php on line 312
[25-Jul-2026 00:23:45 UTC] PHP Warning:  foreach() argument must be of type array|object, bool given in C:\Users\meita\Local Sites\figma-tabs-task\app\public\wp-content\themes\figma-tabs-theme\blocks\tabs-section\mobile.php on line 309
[25-Jul-2026 00:23:45 UTC] PHP Warning:  foreach() argument must be of type array|object, bool given in C:\Users\meita\Local Sites\figma-tabs-task\app\public\wp-content\themes\figma-tabs-theme\blocks\tabs-section\mobile.php on line 309
[25-Jul-2026 00:23:45 UTC] PHP Warning:  foreach() argument must be of type array|object, bool given in C:\Users\meita\Local Sites\figma-tabs-task\app\public\wp-content\themes\figma-tabs-theme\blocks\tabs-section\mobile.php on line 309
[25-Jul-2026 00:23:45 UTC] PHP Warning:  foreach() argument must be of type array|object, bool given in C:\Users\meita\Local Sites\figma-tabs-task\app\public\wp-content\themes\figma-tabs-theme\blocks\tabs-section\mobile.php on line 309
[25-Jul-2026 00:23:46 UTC] PHP Warning:  foreach() argument must be of type array|object, bool given in C:\Users\meita\Local Sites\figma-tabs-task\app\public\wp-content\themes\figma-tabs-theme\blocks\tabs-section\mobile.php on line 309
[25-Jul-2026 00:23:46 UTC] PHP Warning:  foreach() argument must be of type array|object, bool given in C:\Users\meita\Local Sites\figma-tabs-task\app\public\wp-content\themes\figma-tabs-theme\blocks\tabs-section\mobile.php on line 309
[25-Jul-2026 00:23:46 UTC] PHP Warning:  foreach() argument must be of type array|object, bool given in C:\Users\meita\Local Sites\figma-tabs-task\app\public\wp-content\themes\figma-tabs-theme\blocks\tabs-section\mobile.php on line 309
[25-Jul-2026 00:23:46 UTC] PHP Warning:  foreach() argument must be of type array|object, bool given in C:\Users\meita\Local Sites\figma-tabs-task\app\public\wp-content\themes\figma-tabs-theme\blocks\tabs-section\mobile.php on line 309
[25-Jul-2026 00:24:17 UTC] PHP Warning:  foreach() argument must be of type array|object, bool given in C:\Users\meita\Local Sites\figma-tabs-task\app\public\wp-content\themes\figma-tabs-theme\blocks\tabs-section\mobile.php on line 309
[25-Jul-2026 00:24:17 UTC] PHP Warning:  foreach() argument must be of type array|object, bool given in C:\Users\meita\Local Sites\figma-tabs-task\app\public\wp-content\themes\figma-tabs-theme\blocks\tabs-section\mobile.php on line 309
[25-Jul-2026 00:24:17 UTC] PHP Warning:  foreach() argument must be of type array|object, bool given in C:\Users\meita\Local Sites\figma-tabs-task\app\public\wp-content\themes\figma-tabs-theme\blocks\tabs-section\mobile.php on line 309
[25-Jul-2026 00:24:17 UTC] PHP Warning:  foreach() argument must be of type array|object, bool given in C:\Users\meita\Local Sites\figma-tabs-task\app\public\wp-content\themes\figma-tabs-theme\blocks\tabs-section\mobile.php on line 309
[25-Jul-2026 00:24:17 UTC] PHP Warning:  foreach() argument must be of type array|object, bool given in C:\Users\meita\Local Sites\figma-tabs-task\app\public\wp-content\themes\figma-tabs-theme\blocks\tabs-section\mobile.php on line 309
[25-Jul-2026 00:24:17 UTC] PHP Warning:  foreach() argument must be of type array|object, bool given in C:\Users\meita\Local Sites\figma-tabs-task\app\public\wp-content\themes\figma-tabs-theme\blocks\tabs-section\mobile.php on line 309
[25-Jul-2026 00:24:17 UTC] PHP Warning:  foreach() argument must be of type array|object, bool given in C:\Users\meita\Local Sites\figma-tabs-task\app\public\wp-content\themes\figma-tabs-theme\blocks\tabs-section\mobile.php on line 309
[25-Jul-2026 00:24:17 UTC] PHP Warning:  foreach() argument must be of type array|object, bool given in C:\Users\meita\Local Sites\figma-tabs-task\app\public\wp-content\themes\figma-tabs-theme\blocks\tabs-section\mobile.php on line 309
[25-Jul-2026 00:25:01 UTC] PHP Warning:  foreach() argument must be of type array|object, bool given in C:\Users\meita\Local Sites\figma-tabs-task\app\public\wp-content\themes\figma-tabs-theme\blocks\tabs-section\mobile.php on line 309
[25-Jul-2026 00:25:01 UTC] PHP Warning:  foreach() argument must be of type array|object, bool given in C:\Users\meita\Local Sites\figma-tabs-task\app\public\wp-content\themes\figma-tabs-theme\blocks\tabs-section\mobile.php on line 309
[25-Jul-2026 00:25:01 UTC] PHP Warning:  foreach() argument must be of type array|object, bool given in C:\Users\meita\Local Sites\figma-tabs-task\app\public\wp-content\themes\figma-tabs-theme\blocks\tabs-section\mobile.php on line 309
[25-Jul-2026 00:25:01 UTC] PHP Warning:  foreach() argument must be of type array|object, bool given in C:\Users\meita\Local Sites\figma-tabs-task\app\public\wp-content\themes\figma-tabs-theme\blocks\tabs-section\mobile.php on line 309
[25-Jul-2026 00:25:01 UTC] PHP Warning:  foreach() argument must be of type array|object, bool given in C:\Users\meita\Local Sites\figma-tabs-task\app\public\wp-content\themes\figma-tabs-theme\blocks\tabs-section\mobile.php on line 309
[25-Jul-2026 00:25:01 UTC] PHP Warning:  foreach() argument must be of type array|object, bool given in C:\Users\meita\Local Sites\figma-tabs-task\app\public\wp-content\themes\figma-tabs-theme\blocks\tabs-section\mobile.php on line 309
[25-Jul-2026 00:25:01 UTC] PHP Warning:  foreach() argument must be of type array|object, bool given in C:\Users\meita\Local Sites\figma-tabs-task\app\public\wp-content\themes\figma-tabs-theme\blocks\tabs-section\mobile.php on line 309
[25-Jul-2026 00:25:01 UTC] PHP Warning:  foreach() argument must be of type array|object, bool given in C:\Users\meita\Local Sites\figma-tabs-task\app\public\wp-content\themes\figma-tabs-theme\blocks\tabs-section\mobile.php on line 309
[25-Jul-2026 00:26:38 UTC] PHP Warning:  foreach() argument must be of type array|object, bool given in C:\Users\meita\Local Sites\figma-tabs-task\app\public\wp-content\themes\figma-tabs-theme\blocks\tabs-section\mobile.php on line 309
[25-Jul-2026 00:26:38 UTC] PHP Warning:  foreach() argument must be of type array|object, bool given in C:\Users\meita\Local Sites\figma-tabs-task\app\public\wp-content\themes\figma-tabs-theme\blocks\tabs-section\mobile.php on line 309
[25-Jul-2026 00:26:38 UTC] PHP Warning:  foreach() argument must be of type array|object, bool given in C:\Users\meita\Local Sites\figma-tabs-task\app\public\wp-content\themes\figma-tabs-theme\blocks\tabs-section\mobile.php on line 309
[25-Jul-2026 00:26:38 UTC] PHP Warning:  foreach() argument must be of type array|object, bool given in C:\Users\meita\Local Sites\figma-tabs-task\app\public\wp-content\themes\figma-tabs-theme\blocks\tabs-section\mobile.php on line 309
[25-Jul-2026 00:26:39 UTC] PHP Warning:  foreach() argument must be of type array|object, bool given in C:\Users\meita\Local Sites\figma-tabs-task\app\public\wp-content\themes\figma-tabs-theme\blocks\tabs-section\mobile.php on line 309
[25-Jul-2026 00:26:39 UTC] PHP Warning:  foreach() argument must be of type array|object, bool given in C:\Users\meita\Local Sites\figma-tabs-task\app\public\wp-content\themes\figma-tabs-theme\blocks\tabs-section\mobile.php on line 309
[25-Jul-2026 00:26:39 UTC] PHP Warning:  foreach() argument must be of type array|object, bool given in C:\Users\meita\Local Sites\figma-tabs-task\app\public\wp-content\themes\figma-tabs-theme\blocks\tabs-section\mobile.php on line 309
[25-Jul-2026 00:26:39 UTC] PHP Warning:  foreach() argument must be of type array|object, bool given in C:\Users\meita\Local Sites\figma-tabs-task\app\public\wp-content\themes\figma-tabs-theme\blocks\tabs-section\mobile.php on line 309
[25-Jul-2026 00:27:06 UTC] PHP Warning:  foreach() argument must be of type array|object, bool given in C:\Users\meita\Local Sites\figma-tabs-task\app\public\wp-content\themes\figma-tabs-theme\blocks\tabs-section\mobile.php on line 309
[25-Jul-2026 00:27:06 UTC] PHP Warning:  foreach() argument must be of type array|object, bool given in C:\Users\meita\Local Sites\figma-tabs-task\app\public\wp-content\themes\figma-tabs-theme\blocks\tabs-section\mobile.php on line 309
[25-Jul-2026 00:27:06 UTC] PHP Warning:  foreach() argument must be of type array|object, bool given in C:\Users\meita\Local Sites\figma-tabs-task\app\public\wp-content\themes\figma-tabs-theme\blocks\tabs-section\mobile.php on line 309
[25-Jul-2026 00:27:06 UTC] PHP Warning:  foreach() argument must be of type array|object, bool given in C:\Users\meita\Local Sites\figma-tabs-task\app\public\wp-content\themes\figma-tabs-theme\blocks\tabs-section\mobile.php on line 309
[25-Jul-2026 00:27:07 UTC] PHP Warning:  foreach() argument must be of type array|object, bool given in C:\Users\meita\Local Sites\figma-tabs-task\app\public\wp-content\themes\figma-tabs-theme\blocks\tabs-section\mobile.php on line 309
[25-Jul-2026 00:27:07 UTC] PHP Warning:  foreach() argument must be of type array|object, bool given in C:\Users\meita\Local Sites\figma-tabs-task\app\public\wp-content\themes\figma-tabs-theme\blocks\tabs-section\mobile.php on line 309
[25-Jul-2026 00:27:07 UTC] PHP Warning:  foreach() argument must be of type array|object, bool given in C:\Users\meita\Local Sites\figma-tabs-task\app\public\wp-content\themes\figma-tabs-theme\blocks\tabs-section\mobile.php on line 309
[25-Jul-2026 00:27:07 UTC] PHP Warning:  foreach() argument must be of type array|object, bool given in C:\Users\meita\Local Sites\figma-tabs-task\app\public\wp-content\themes\figma-tabs-theme\blocks\tabs-section\mobile.php on line 309
[25-Jul-2026 00:27:17 UTC] PHP Warning:  foreach() argument must be of type array|object, bool given in C:\Users\meita\Local Sites\figma-tabs-task\app\public\wp-content\themes\figma-tabs-theme\blocks\tabs-section\mobile.php on line 309
[25-Jul-2026 00:27:17 UTC] PHP Warning:  foreach() argument must be of type array|object, bool given in C:\Users\meita\Local Sites\figma-tabs-task\app\public\wp-content\themes\figma-tabs-theme\blocks\tabs-section\mobile.php on line 309
[25-Jul-2026 00:27:17 UTC] PHP Warning:  foreach() argument must be of type array|object, bool given in C:\Users\meita\Local Sites\figma-tabs-task\app\public\wp-content\themes\figma-tabs-theme\blocks\tabs-section\mobile.php on line 309
[25-Jul-2026 00:27:17 UTC] PHP Warning:  foreach() argument must be of type array|object, bool given in C:\Users\meita\Local Sites\figma-tabs-task\app\public\wp-content\themes\figma-tabs-theme\blocks\tabs-section\mobile.php on line 309
[25-Jul-2026 00:27:18 UTC] PHP Warning:  foreach() argument must be of type array|object, bool given in C:\Users\meita\Local Sites\figma-tabs-task\app\public\wp-content\themes\figma-tabs-theme\blocks\tabs-section\mobile.php on line 309
[25-Jul-2026 00:27:18 UTC] PHP Warning:  foreach() argument must be of type array|object, bool given in C:\Users\meita\Local Sites\figma-tabs-task\app\public\wp-content\themes\figma-tabs-theme\blocks\tabs-section\mobile.php on line 309
[25-Jul-2026 00:27:18 UTC] PHP Warning:  foreach() argument must be of type array|object, bool given in C:\Users\meita\Local Sites\figma-tabs-task\app\public\wp-content\themes\figma-tabs-theme\blocks\tabs-section\mobile.php on line 309
[25-Jul-2026 00:27:18 UTC] PHP Warning:  foreach() argument must be of type array|object, bool given in C:\Users\meita\Local Sites\figma-tabs-task\app\public\wp-content\themes\figma-tabs-theme\blocks\tabs-section\mobile.php on line 309
[25-Jul-2026 00:27:30 UTC] PHP Warning:  foreach() argument must be of type array|object, bool given in C:\Users\meita\Local Sites\figma-tabs-task\app\public\wp-content\themes\figma-tabs-theme\blocks\tabs-section\mobile.php on line 309
[25-Jul-2026 00:27:30 UTC] PHP Warning:  foreach() argument must be of type array|object, bool given in C:\Users\meita\Local Sites\figma-tabs-task\app\public\wp-content\themes\figma-tabs-theme\blocks\tabs-section\mobile.php on line 309
[25-Jul-2026 00:27:30 UTC] PHP Warning:  foreach() argument must be of type array|object, bool given in C:\Users\meita\Local Sites\figma-tabs-task\app\public\wp-content\themes\figma-tabs-theme\blocks\tabs-section\mobile.php on line 309
[25-Jul-2026 00:27:30 UTC] PHP Warning:  foreach() argument must be of type array|object, bool given in C:\Users\meita\Local Sites\figma-tabs-task\app\public\wp-content\themes\figma-tabs-theme\blocks\tabs-section\mobile.php on line 309
[25-Jul-2026 00:27:31 UTC] PHP Warning:  foreach() argument must be of type array|object, bool given in C:\Users\meita\Local Sites\figma-tabs-task\app\public\wp-content\themes\figma-tabs-theme\blocks\tabs-section\mobile.php on line 309
[25-Jul-2026 00:27:31 UTC] PHP Warning:  foreach() argument must be of type array|object, bool given in C:\Users\meita\Local Sites\figma-tabs-task\app\public\wp-content\themes\figma-tabs-theme\blocks\tabs-section\mobile.php on line 309
[25-Jul-2026 00:27:31 UTC] PHP Warning:  foreach() argument must be of type array|object, bool given in C:\Users\meita\Local Sites\figma-tabs-task\app\public\wp-content\themes\figma-tabs-theme\blocks\tabs-section\mobile.php on line 309
[25-Jul-2026 00:27:31 UTC] PHP Warning:  foreach() argument must be of type array|object, bool given in C:\Users\meita\Local Sites\figma-tabs-task\app\public\wp-content\themes\figma-tabs-theme\blocks\tabs-section\mobile.php on line 309
[25-Jul-2026 00:27:54 UTC] PHP Warning:  foreach() argument must be of type array|object, bool given in C:\Users\meita\Local Sites\figma-tabs-task\app\public\wp-content\themes\figma-tabs-theme\blocks\tabs-section\mobile.php on line 309
[25-Jul-2026 00:27:54 UTC] PHP Warning:  foreach() argument must be of type array|object, bool given in C:\Users\meita\Local Sites\figma-tabs-task\app\public\wp-content\themes\figma-tabs-theme\blocks\tabs-section\mobile.php on line 309
[25-Jul-2026 00:27:54 UTC] PHP Warning:  foreach() argument must be of type array|object, bool given in C:\Users\meita\Local Sites\figma-tabs-task\app\public\wp-content\themes\figma-tabs-theme\blocks\tabs-section\mobile.php on line 309
[25-Jul-2026 00:27:54 UTC] PHP Warning:  foreach() argument must be of type array|object, bool given in C:\Users\meita\Local Sites\figma-tabs-task\app\public\wp-content\themes\figma-tabs-theme\blocks\tabs-section\mobile.php on line 309
[25-Jul-2026 00:27:54 UTC] PHP Warning:  foreach() argument must be of type array|object, bool given in C:\Users\meita\Local Sites\figma-tabs-task\app\public\wp-content\themes\figma-tabs-theme\blocks\tabs-section\mobile.php on line 309
[25-Jul-2026 00:27:54 UTC] PHP Warning:  foreach() argument must be of type array|object, bool given in C:\Users\meita\Local Sites\figma-tabs-task\app\public\wp-content\themes\figma-tabs-theme\blocks\tabs-section\mobile.php on line 309
[25-Jul-2026 00:27:54 UTC] PHP Warning:  foreach() argument must be of type array|object, bool given in C:\Users\meita\Local Sites\figma-tabs-task\app\public\wp-content\themes\figma-tabs-theme\blocks\tabs-section\mobile.php on line 309
[25-Jul-2026 00:27:54 UTC] PHP Warning:  foreach() argument must be of type array|object, bool given in C:\Users\meita\Local Sites\figma-tabs-task\app\public\wp-content\themes\figma-tabs-theme\blocks\tabs-section\mobile.php on line 309
[25-Jul-2026 00:28:08 UTC] PHP Warning:  foreach() argument must be of type array|object, bool given in C:\Users\meita\Local Sites\figma-tabs-task\app\public\wp-content\themes\figma-tabs-theme\blocks\tabs-section\mobile.php on line 309
[25-Jul-2026 00:28:08 UTC] PHP Warning:  foreach() argument must be of type array|object, bool given in C:\Users\meita\Local Sites\figma-tabs-task\app\public\wp-content\themes\figma-tabs-theme\blocks\tabs-section\mobile.php on line 309
[25-Jul-2026 00:28:08 UTC] PHP Warning:  foreach() argument must be of type array|object, bool given in C:\Users\meita\Local Sites\figma-tabs-task\app\public\wp-content\themes\figma-tabs-theme\blocks\tabs-section\mobile.php on line 309
[25-Jul-2026 00:28:08 UTC] PHP Warning:  foreach() argument must be of type array|object, bool given in C:\Users\meita\Local Sites\figma-tabs-task\app\public\wp-content\themes\figma-tabs-theme\blocks\tabs-section\mobile.php on line 309
[25-Jul-2026 00:28:09 UTC] PHP Warning:  foreach() argument must be of type array|object, bool given in C:\Users\meita\Local Sites\figma-tabs-task\app\public\wp-content\themes\figma-tabs-theme\blocks\tabs-section\mobile.php on line 309
[25-Jul-2026 00:28:09 UTC] PHP Warning:  foreach() argument must be of type array|object, bool given in C:\Users\meita\Local Sites\figma-tabs-task\app\public\wp-content\themes\figma-tabs-theme\blocks\tabs-section\mobile.php on line 309
[25-Jul-2026 00:28:09 UTC] PHP Warning:  foreach() argument must be of type array|object, bool given in C:\Users\meita\Local Sites\figma-tabs-task\app\public\wp-content\themes\figma-tabs-theme\blocks\tabs-section\mobile.php on line 309
[25-Jul-2026 00:28:09 UTC] PHP Warning:  foreach() argument must be of type array|object, bool given in C:\Users\meita\Local Sites\figma-tabs-task\app\public\wp-content\themes\figma-tabs-theme\blocks\tabs-section\mobile.php on line 309
[25-Jul-2026 00:36:59 UTC] PHP Warning:  foreach() argument must be of type array|object, bool given in C:\Users\meita\Local Sites\figma-tabs-task\app\public\wp-content\themes\figma-tabs-theme\blocks\tabs-section\mobile.php on line 309
[25-Jul-2026 00:36:59 UTC] PHP Warning:  foreach() argument must be of type array|object, bool given in C:\Users\meita\Local Sites\figma-tabs-task\app\public\wp-content\themes\figma-tabs-theme\blocks\tabs-section\mobile.php on line 309
[25-Jul-2026 00:36:59 UTC] PHP Warning:  foreach() argument must be of type array|object, bool given in C:\Users\meita\Local Sites\figma-tabs-task\app\public\wp-content\themes\figma-tabs-theme\blocks\tabs-section\mobile.php on line 309
[25-Jul-2026 00:36:59 UTC] PHP Warning:  foreach() argument must be of type array|object, bool given in C:\Users\meita\Local Sites\figma-tabs-task\app\public\wp-content\themes\figma-tabs-theme\blocks\tabs-section\mobile.php on line 309
[25-Jul-2026 00:37:00 UTC] PHP Warning:  foreach() argument must be of type array|object, bool given in C:\Users\meita\Local Sites\figma-tabs-task\app\public\wp-content\themes\figma-tabs-theme\blocks\tabs-section\mobile.php on line 309
[25-Jul-2026 00:37:00 UTC] PHP Warning:  foreach() argument must be of type array|object, bool given in C:\Users\meita\Local Sites\figma-tabs-task\app\public\wp-content\themes\figma-tabs-theme\blocks\tabs-section\mobile.php on line 309
[25-Jul-2026 00:37:00 UTC] PHP Warning:  foreach() argument must be of type array|object, bool given in C:\Users\meita\Local Sites\figma-tabs-task\app\public\wp-content\themes\figma-tabs-theme\blocks\tabs-section\mobile.php on line 309
[25-Jul-2026 00:37:00 UTC] PHP Warning:  foreach() argument must be of type array|object, bool given in C:\Users\meita\Local Sites\figma-tabs-task\app\public\wp-content\themes\figma-tabs-theme\blocks\tabs-section\mobile.php on line 309
[25-Jul-2026 00:37:32 UTC] PHP Warning:  foreach() argument must be of type array|object, bool given in C:\Users\meita\Local Sites\figma-tabs-task\app\public\wp-content\themes\figma-tabs-theme\blocks\tabs-section\mobile.php on line 309
[25-Jul-2026 00:37:32 UTC] PHP Warning:  foreach() argument must be of type array|object, bool given in C:\Users\meita\Local Sites\figma-tabs-task\app\public\wp-content\themes\figma-tabs-theme\blocks\tabs-section\mobile.php on line 309
[25-Jul-2026 00:37:32 UTC] PHP Warning:  foreach() argument must be of type array|object, bool given in C:\Users\meita\Local Sites\figma-tabs-task\app\public\wp-content\themes\figma-tabs-theme\blocks\tabs-section\mobile.php on line 309
[25-Jul-2026 00:37:32 UTC] PHP Warning:  foreach() argument must be of type array|object, bool given in C:\Users\meita\Local Sites\figma-tabs-task\app\public\wp-content\themes\figma-tabs-theme\blocks\tabs-section\mobile.php on line 309
[25-Jul-2026 00:37:33 UTC] PHP Warning:  foreach() argument must be of type array|object, bool given in C:\Users\meita\Local Sites\figma-tabs-task\app\public\wp-content\themes\figma-tabs-theme\blocks\tabs-section\mobile.php on line 309
[25-Jul-2026 00:37:33 UTC] PHP Warning:  foreach() argument must be of type array|object, bool given in C:\Users\meita\Local Sites\figma-tabs-task\app\public\wp-content\themes\figma-tabs-theme\blocks\tabs-section\mobile.php on line 309
[25-Jul-2026 00:37:33 UTC] PHP Warning:  foreach() argument must be of type array|object, bool given in C:\Users\meita\Local Sites\figma-tabs-task\app\public\wp-content\themes\figma-tabs-theme\blocks\tabs-section\mobile.php on line 309
[25-Jul-2026 00:37:33 UTC] PHP Warning:  foreach() argument must be of type array|object, bool given in C:\Users\meita\Local Sites\figma-tabs-task\app\public\wp-content\themes\figma-tabs-theme\blocks\tabs-section\mobile.php on line 309
[25-Jul-2026 00:37:49 UTC] PHP Warning:  foreach() argument must be of type array|object, bool given in C:\Users\meita\Local Sites\figma-tabs-task\app\public\wp-content\themes\figma-tabs-theme\blocks\tabs-section\mobile.php on line 309
[25-Jul-2026 00:37:49 UTC] PHP Warning:  foreach() argument must be of type array|object, bool given in C:\Users\meita\Local Sites\figma-tabs-task\app\public\wp-content\themes\figma-tabs-theme\blocks\tabs-section\mobile.php on line 309
[25-Jul-2026 00:37:49 UTC] PHP Warning:  foreach() argument must be of type array|object, bool given in C:\Users\meita\Local Sites\figma-tabs-task\app\public\wp-content\themes\figma-tabs-theme\blocks\tabs-section\mobile.php on line 309
[25-Jul-2026 00:37:49 UTC] PHP Warning:  foreach() argument must be of type array|object, bool given in C:\Users\meita\Local Sites\figma-tabs-task\app\public\wp-content\themes\figma-tabs-theme\blocks\tabs-section\mobile.php on line 309
[25-Jul-2026 00:37:49 UTC] PHP Warning:  foreach() argument must be of type array|object, bool given in C:\Users\meita\Local Sites\figma-tabs-task\app\public\wp-content\themes\figma-tabs-theme\blocks\tabs-section\mobile.php on line 309
[25-Jul-2026 00:37:49 UTC] PHP Warning:  foreach() argument must be of type array|object, bool given in C:\Users\meita\Local Sites\figma-tabs-task\app\public\wp-content\themes\figma-tabs-theme\blocks\tabs-section\mobile.php on line 309
[25-Jul-2026 00:37:49 UTC] PHP Warning:  foreach() argument must be of type array|object, bool given in C:\Users\meita\Local Sites\figma-tabs-task\app\public\wp-content\themes\figma-tabs-theme\blocks\tabs-section\mobile.php on line 309
[25-Jul-2026 00:37:49 UTC] PHP Warning:  foreach() argument must be of type array|object, bool given in C:\Users\meita\Local Sites\figma-tabs-task\app\public\wp-content\themes\figma-tabs-theme\blocks\tabs-section\mobile.php on line 309
[25-Jul-2026 00:41:32 UTC] PHP Warning:  foreach() argument must be of type array|object, bool given in C:\Users\meita\Local Sites\figma-tabs-task\app\public\wp-content\themes\figma-tabs-theme\blocks\tabs-section\mobile.php on line 309
[25-Jul-2026 00:41:32 UTC] PHP Warning:  foreach() argument must be of type array|object, bool given in C:\Users\meita\Local Sites\figma-tabs-task\app\public\wp-content\themes\figma-tabs-theme\blocks\tabs-section\mobile.php on line 309
[25-Jul-2026 00:41:32 UTC] PHP Warning:  foreach() argument must be of type array|object, bool given in C:\Users\meita\Local Sites\figma-tabs-task\app\public\wp-content\themes\figma-tabs-theme\blocks\tabs-section\mobile.php on line 309
[25-Jul-2026 00:41:32 UTC] PHP Warning:  foreach() argument must be of type array|object, bool given in C:\Users\meita\Local Sites\figma-tabs-task\app\public\wp-content\themes\figma-tabs-theme\blocks\tabs-section\mobile.php on line 309
[25-Jul-2026 00:41:32 UTC] PHP Warning:  foreach() argument must be of type array|object, bool given in C:\Users\meita\Local Sites\figma-tabs-task\app\public\wp-content\themes\figma-tabs-theme\blocks\tabs-section\mobile.php on line 309
[25-Jul-2026 00:41:32 UTC] PHP Warning:  foreach() argument must be of type array|object, bool given in C:\Users\meita\Local Sites\figma-tabs-task\app\public\wp-content\themes\figma-tabs-theme\blocks\tabs-section\mobile.php on line 309
[25-Jul-2026 00:41:32 UTC] PHP Warning:  foreach() argument must be of type array|object, bool given in C:\Users\meita\Local Sites\figma-tabs-task\app\public\wp-content\themes\figma-tabs-theme\blocks\tabs-section\mobile.php on line 309
[25-Jul-2026 00:41:32 UTC] PHP Warning:  foreach() argument must be of type array|object, bool given in C:\Users\meita\Local Sites\figma-tabs-task\app\public\wp-content\themes\figma-tabs-theme\blocks\tabs-section\mobile.php on line 309
[25-Jul-2026 00:42:15 UTC] PHP Warning:  foreach() argument must be of type array|object, bool given in C:\Users\meita\Local Sites\figma-tabs-task\app\public\wp-content\themes\figma-tabs-theme\blocks\tabs-section\mobile.php on line 309
[25-Jul-2026 00:42:15 UTC] PHP Warning:  foreach() argument must be of type array|object, bool given in C:\Users\meita\Local Sites\figma-tabs-task\app\public\wp-content\themes\figma-tabs-theme\blocks\tabs-section\mobile.php on line 309
[25-Jul-2026 00:42:15 UTC] PHP Warning:  foreach() argument must be of type array|object, bool given in C:\Users\meita\Local Sites\figma-tabs-task\app\public\wp-content\themes\figma-tabs-theme\blocks\tabs-section\mobile.php on line 309
[25-Jul-2026 00:42:15 UTC] PHP Warning:  foreach() argument must be of type array|object, bool given in C:\Users\meita\Local Sites\figma-tabs-task\app\public\wp-content\themes\figma-tabs-theme\blocks\tabs-section\mobile.php on line 309
[25-Jul-2026 00:42:15 UTC] PHP Warning:  foreach() argument must be of type array|object, bool given in C:\Users\meita\Local Sites\figma-tabs-task\app\public\wp-content\themes\figma-tabs-theme\blocks\tabs-section\mobile.php on line 309
[25-Jul-2026 00:42:15 UTC] PHP Warning:  foreach() argument must be of type array|object, bool given in C:\Users\meita\Local Sites\figma-tabs-task\app\public\wp-content\themes\figma-tabs-theme\blocks\tabs-section\mobile.php on line 309
[25-Jul-2026 00:42:15 UTC] PHP Warning:  foreach() argument must be of type array|object, bool given in C:\Users\meita\Local Sites\figma-tabs-task\app\public\wp-content\themes\figma-tabs-theme\blocks\tabs-section\mobile.php on line 309
[25-Jul-2026 00:42:15 UTC] PHP Warning:  foreach() argument must be of type array|object, bool given in C:\Users\meita\Local Sites\figma-tabs-task\app\public\wp-content\themes\figma-tabs-theme\blocks\tabs-section\mobile.php on line 309
[25-Jul-2026 00:42:49 UTC] PHP Warning:  foreach() argument must be of type array|object, bool given in C:\Users\meita\Local Sites\figma-tabs-task\app\public\wp-content\themes\figma-tabs-theme\blocks\tabs-section\mobile.php on line 309
[25-Jul-2026 00:42:49 UTC] PHP Warning:  foreach() argument must be of type array|object, bool given in C:\Users\meita\Local Sites\figma-tabs-task\app\public\wp-content\themes\figma-tabs-theme\blocks\tabs-section\mobile.php on line 309
[25-Jul-2026 00:42:49 UTC] PHP Warning:  foreach() argument must be of type array|object, bool given in C:\Users\meita\Local Sites\figma-tabs-task\app\public\wp-content\themes\figma-tabs-theme\blocks\tabs-section\mobile.php on line 309
[25-Jul-2026 00:42:49 UTC] PHP Warning:  foreach() argument must be of type array|object, bool given in C:\Users\meita\Local Sites\figma-tabs-task\app\public\wp-content\themes\figma-tabs-theme\blocks\tabs-section\mobile.php on line 309
[25-Jul-2026 00:42:49 UTC] PHP Warning:  foreach() argument must be of type array|object, bool given in C:\Users\meita\Local Sites\figma-tabs-task\app\public\wp-content\themes\figma-tabs-theme\blocks\tabs-section\mobile.php on line 309
[25-Jul-2026 00:42:49 UTC] PHP Warning:  foreach() argument must be of type array|object, bool given in C:\Users\meita\Local Sites\figma-tabs-task\app\public\wp-content\themes\figma-tabs-theme\blocks\tabs-section\mobile.php on line 309
[25-Jul-2026 00:42:49 UTC] PHP Warning:  foreach() argument must be of type array|object, bool given in C:\Users\meita\Local Sites\figma-tabs-task\app\public\wp-content\themes\figma-tabs-theme\blocks\tabs-section\mobile.php on line 309
[25-Jul-2026 00:42:49 UTC] PHP Warning:  foreach() argument must be of type array|object, bool given in C:\Users\meita\Local Sites\figma-tabs-task\app\public\wp-content\themes\figma-tabs-theme\blocks\tabs-section\mobile.php on line 309
[25-Jul-2026 09:13:59 UTC] PHP Warning:  mysqli_real_connect(): (HY000/2002): No connection could be made because the target machine actively refused it in C:\Users\meita\Local Sites\figma-tabs-task\app\public\wp-includes\class-wpdb.php on line 1988
[25-Jul-2026 12:50:18 UTC] Automatic updates starting...
[25-Jul-2026 12:50:19 UTC] Automatic updates complete.
